SMT_w1,SMT_w2,SMT_w3,SMT_w4,SMT_m1,SMT_m2,SMT_m3,SMT_m4,alpha,total_yield_t_ha,total_irrigation_mm,water_loss_mm,yield_cv,site_id,mode
59.30449817661998,21.770142587303233,4.3660172294979525,3.430828278835188,65.86453665085376,21.524756345010626,20.098568986812637,95.62495585507796,0.8639288688595301,10.277523752529216,213.55695829894125,63.6883597698891,0.42816615671929237,henan_north,joint
3.6165029802870805,62.485931024199786,45.97020185867919,19.52642000493531,70.61257649220909,26.552282804967504,59.39650025561334,86.83031051697806,0.772500389390761,15.726513568803426,334.0736169211275,77.8892799677067,0.009040962170434255,henan_north,joint
74.5080625691436,19.73369252187813,43.55584878903936,78.3818402731079,73.02047083517249,22.43504701085004,27.242923340333927,72.98569429241257,0.8601091735271125,11.027938166546939,440.1755215244404,52.89802751019211,0.35000687390967417,henan_north,joint
3.6165029802870805,62.485931024199786,45.97020185867919,19.526580669882367,74.35148554955775,26.56068053719105,59.26060455216617,86.57785792683939,0.772500389390761,15.755102628493148,332.32929636379384,80.67431695241619,0.011554874991968896,henan_north,joint
4.1225877842086796,5.502023842112925,1.3597963110099194,3.4927583485000007,63.62062666746661,32.097800559955665,12.451508886155889,95.5505170190971,0.8829633761675699,10.290802392987016,77.66648072459353,95.44288670568471,0.36247605466566957,henan_north,joint
8.656885617940354,33.76573836294595,10.736945791639426,4.382627757728451,39.2898793752041,26.33839061271747,7.601009337398503,98.39701802176572,0.4744837635488103,14.184599085942471,199.35160201352602,219.40821320973652,0.03054222187593747,henan_north,joint
4.017529975069932,5.746624691497209,41.70226231394288,8.80103033440905,41.441120527411904,26.42572143192916,4.990510814557874,98.94624057336623,0.8835503586692115,9.478112645900453,322.40233859885484,58.14444614832526,0.3468614487755967,henan_north,joint
60.65955390170369,9.378253861156699,59.07970051748165,4.851129355659209,50.6502588770082,21.266817350258723,21.892055601104545,99.00274041580383,0.8749040546770979,10.185328538968626,330.4535803297257,38.368449033359695,0.3162977433736205,henan_north,joint
2.8223811639150975,6.2916670793323455,12.695529119131418,4.27861264251602,40.50760958121965,26.204697201129136,7.601009337398503,95.22518094951279,0.4775156290778413,13.970472910462396,167.0235933829943,197.52258748326554,0.06843723048417207,henan_north,joint
67.87985792694019,5.217806896053041,9.30311081660949,4.600278470024668,64.50312239653806,39.60021917446749,19.959395379733845,99.21610835400797,0.7882979610461323,13.399769759132457,135.88867475631133,154.8582886153686,0.16441994541542201,henan_north,joint
67.56782194431115,9.754670797142078,59.66400311619919,4.353279519556051,64.82622137454922,40.45363744000495,21.892055601104545,98.97967316846213,0.8739347003877529,10.872285473544746,349.0894939050145,60.31917279666044,0.3520703110147498,henan_north,joint
4.1225877842086796,5.844211872323125,1.3377133062499964,8.878141219727208,63.62062666746661,27.65736132391486,12.537194031187145,93.25233579250445,0.8829633761675699,11.288434870506329,157.66648072459355,67.48510728637106,0.3637963127216626,henan_north,joint
3.6362534707646503,3.132892878820593,8.296605988669413,4.481510098357143,64.51969513823195,27.72689039848577,12.902609047376352,85.05616720755647,0.8304897783008508,12.107184443255914,111.02367981169373,87.15632635764446,0.29140696224975005,henan_north,joint
61.06827513659549,5.225870329275067,8.877636588243217,4.851129355659209,50.991021319773495,21.266817350258723,21.892055601104545,99.00274041580383,0.8749040546770979,9.623342129061088,247.21626822466993,40.42649340236543,0.3888504034091187,henan_north,joint
60.099258403158075,52.761543882255665,1.3377133062499964,8.878141219727208,63.609085722760156,22.30791403563497,21.885884290709406,93.07885109779947,0.4744837635488103,14.96221141220931,261.56143570539246,134.1761827198493,0.04272726836844357,henan_north,joint
67.56542520511469,9.378253861156699,59.07970051748165,4.353279519556051,50.6502588770082,21.266817350258723,21.892055601104545,98.97967316846213,0.8739347003877529,10.538769057683837,339.9062257135014,50.500460732563155,0.3260286890096927,henan_north,joint
67.87985792694019,5.217806896053041,9.30311081660949,4.7002323335111384,64.50312239653806,39.60021917446749,19.959395379733845,96.65936455101752,0.7882979610461323,13.253532571456109,147.45673402339239,99.68415731704113,0.15958425282068675,henan_north,joint
40.196964840775145,62.626466809912856,45.20876872296662,75.6863733342877,65.68744722332895,21.531127126609366,6.828565291748822,95.96967979401802,0.8698586218716831,13.147230163962183,408.42544806309706,64.2085906794999,0.28217023185863893,henan_north,joint
39.69022010333346,6.258543360736599,10.543377493841465,5.298656449896626,50.6502588770082,21.530720410910924,13.721704538175626,97.92477984499841,0.8777409557483108,14.118295858711926,175.01656991326013,86.89560308662723,0.04610188790274793,henan_north,joint
72.40009091788224,14.124345115274696,8.855590849520961,8.210774810520746,64.50312239653806,4.3590873925858755,14.858785205657194,99.13293747786162,0.8836408152272426,10.62759712825114,306.1084073915697,57.229967186495,0.4166554123201341,henan_north,joint
3.6165029802870805,62.377341355182864,45.97020185867919,19.526580669882367,74.35148554955775,40.48632376962883,59.26060455216617,98.35975206056571,0.7724072478150324,15.491606752797091,325.7862526415617,81.46911678822627,0.018363383068910073,henan_north,joint
64.2613558563041,39.35453028764615,8.743378534311747,4.277429383139068,64.50312239653806,24.679258373633818,17.261418079490063,99.00423317083198,0.8637102431023354,10.707101622264311,294.7187051620889,61.580625070623185,0.4086507153772315,henan_north,joint
64.2613558563041,31.70658660244372,8.743378534311747,4.277429383139068,64.50312239653806,28.22621084128021,15.648573632975879,85.16072514742999,0.8637102431023354,12.738502901123542,142.30691248315927,92.14468156094561,0.24652341077242923,henan_north,joint
3.6362534707646503,33.56395665168574,10.685692496906036,4.481510098357143,65.32957259801583,26.38069455089034,7.537158604653225,99.35497975705555,0.8319531091446315,12.41647264767461,185.6211008849158,69.76448562265232,0.2608863208970747,henan_north,joint
5.189898606054118,62.485931024199786,46.868471838039795,19.52642000493531,51.558179762458714,26.552282804967504,54.98266807310707,86.83031051697806,0.7715817620955983,14.506601201484202,282.23056564558465,109.87546297710087,0.17919282616121018,henan_north,joint
64.25122353575004,9.764284660215232,1.2094556425678586,19.380410963075985,63.64322563735623,22.04567756351893,16.967598828372285,98.62198393189671,0.8637102431023354,11.777129006974002,275.01850516208896,63.85541575487373,0.2759369965324173,henan_north,joint
63.67494908497192,33.52697488757148,1.2366833771945922,4.403580934356664,63.61095613575142,22.197531823482926,12.602771189742167,98.32904617298168,0.840760654864419,13.197023231633906,127.77310531101145,116.80102266833553,0.1941560532517383,henan_north,joint
3.6362534707646503,3.132892878820593,8.296605988669413,4.612492727495103,64.51969513823195,27.72689039848577,13.012173706422647,85.7561086892068,0.8304897783008508,13.727562809070795,166.02367981169374,115.48993229011083,0.08850840265413763,henan_north,joint
67.94611994445432,6.08492650359457,9.909386610131882,4.343429133000048,39.030531174345384,41.227154745254005,17.28872713232371,98.97890095990073,0.4817865069651021,14.26468043324473,191.31515510605976,211.43246630885113,0.04377649915107145,henan_north,joint
61.742848991173474,6.9447979236712865,10.306186172942255,4.731639781159047,50.6502588770082,21.530720410910924,16.837262003436454,99.10655772929928,0.8777409557483108,9.993700725752543,250.90120135212595,45.955305538909485,0.39106832757071514,henan_north,joint
40.196964840775145,65.05888894047705,45.360875190362194,75.6863733342877,73.2202919761599,20.611756513982517,6.828565291748822,97.95516907968202,0.8700615770337294,13.171292984726714,438.3889161339287,65.72742683561707,0.28280359182086484,henan_north,joint
59.28136156156533,19.025033385070724,10.592702540976283,8.794345658669233,47.02953356352552,26.497916354418948,21.857368739160588,95.3442249269022,0.4714330710410558,14.606631111095293,242.57102360630498,175.64538639439428,0.0434792048049227,henan_north,joint
52.913066694241586,5.343437268660771,45.37904730932602,75.75457867832887,73.02047083517249,22.43504701085004,12.628443392019499,97.95516907968202,0.8601091735271125,14.369710707571576,391.71204536539017,75.74369679775573,0.11369743657507388,henan_north,joint
8.656885617940354,5.111453192553771,9.299218022252166,4.378930034723755,51.22243515459486,38.913041743844076,22.326909315804578,99.22588940141621,0.858806629938937,13.731915336669484,153.5370165274784,121.03314825043803,0.13294936739394567,henan_north,joint
67.88359098941913,5.232551984698233,9.30311081660949,4.713288559350466,64.50312239653806,39.59988291203613,12.902609047376352,96.70512441067365,0.795332710979031,13.097609081784856,144.92422404754885,98.71788435049439,0.18425557173994356,henan_north,joint
69.02775974900145,33.56407779194306,10.715815348533141,4.74934337403325,58.313415342072076,39.8144358370401,20.065803094063977,99.87911649099277,0.4700206016389086,14.459383626236399,231.47414073291893,213.39966773517253,0.035288993860340206,henan_north,joint
6.390137858286206,62.54450446070203,46.25307019802294,19.135235042833997,64.50312239653806,28.22621084128021,18.91895834079252,96.8378004743825,0.8682753365998707,13.523198819173743,318.85316751817817,72.23510444551044,0.2752327444345076,henan_north,joint
52.913066694241586,5.611538460923235,45.11810624573323,75.75457867832887,73.02047083517249,22.43504701085004,27.486378527334132,97.98056778416888,0.8601091735271125,14.369710707571576,391.71204536539017,75.74369679775573,0.11369743657507388,henan_north,joint
8.656885617940354,8.941187155962307,10.736945791639426,4.70816173000906,51.54768274637919,20.540000265259582,22.326909315804578,98.33962984127484,0.858806629938937,13.341949899187153,163.5370165274784,76.71894977295098,0.10969132881205303,henan_north,joint
68.1868702976646,52.761543882255665,1.3377133062499964,8.878141219727208,63.609085722760156,22.30791403563497,21.743539292630278,93.07885109779947,0.4815727038761186,15.009988003626683,274.45403107593467,130.45144163181862,0.03834307870911316,henan_north,joint
67.91274788702646,6.119415154131476,9.30311081660949,4.672921864455017,63.31766169200341,40.40654402619934,20.048248674487404,99.00423317083198,0.8603160808653932,12.754700798638035,127.58636361057304,95.1471992493842,0.2310887598642879,henan_north,joint
53.908421200049375,5.2422198350662494,10.889781005244743,4.481510098357143,65.32957259801583,22.140383836396524,7.501705031767464,99.35497975705555,0.8322587755409458,12.331537892750024,184.7698896160762,69.19490412443209,0.2703858772582024,henan_north,joint
60.39876545967371,54.75308034495086,10.592702540976283,7.097620753073684,47.25290560306341,26.338981855840245,21.857368739160588,95.3442249269022,0.4714330710410558,14.557032701296176,252.57102360630498,166.73565272528958,0.045136675714393164,henan_north,joint
67.91274788702646,9.21522373495814,9.30311081660949,4.672921864455017,63.31766169200341,35.47431214599986,20.048248674487404,99.00423317083198,0.8603160808653932,12.754951644257503,127.58636361057304,95.04093957587757,0.23109207198422865,henan_north,joint
6.390137858286206,62.54450446070203,46.25307019802294,19.135235042833997,64.50312239653806,28.22621084128021,17.261418079490063,85.43198190129945,0.8682753365998707,15.345735163203333,285.7903929823729,76.51609682196207,0.031731312504586856,henan_north,joint
40.27681210960775,62.38388992153225,45.063332411020895,4.481510098357143,64.51969513823195,27.72689039848577,12.902609047376352,85.09539218958534,0.8304897783008508,13.737676868739845,289.6217890257709,75.24667409125047,0.1861098233717989,henan_north,joint
5.986213415645022,33.76573836294595,10.736945791639426,8.878141219727208,39.40707524663945,26.204697201129136,7.601009337398503,95.22518094951279,0.4744837635488103,14.399118502396755,225.0,181.41145877451055,0.028436462242681815,henan_north,joint
67.94611994445432,6.08492650359457,9.30311081660949,4.277429383139068,64.50312239653806,40.35810746622587,20.065803094063977,99.00423317083198,0.8637102431023354,11.989633026541853,165.9947906039491,67.50084238082209,0.29299959442804885,henan_north,joint
40.26844485165376,13.68651568312667,4.1136262982649825,18.24849164357122,13.425095064735224,66.40609587873448,31.42395955604233,91.6023400049873,0.8,12.208599634943706,287.0,61.929445287454975,0.3841739993972489,henan_north,fixed_best
17.50884315928319,55.32057694654978,23.0364366815964,18.346965589572694,48.422291273550286,41.10642827391041,31.68289069936698,91.16281719294555,0.8,15.488539761963532,232.0,273.5058811664618,0.0061138388044827095,henan_north,fixed_best
32.03852319989494,11.629414385019835,4.1136262982649825,0.4421846253402091,11.663253901701047,67.93343927376733,31.42395955604233,91.62505560078566,0.8,11.1066540672859,112.0,132.4645180153696,0.3168944783664493,henan_north,fixed_best
25.445038538223287,7.133894736394119,21.11292921782026,10.98565983995144,9.433648586030918,45.90403461406251,47.351788457325746,83.33693959507285,0.8,11.442225333128599,267.0,51.41638374629845,0.2797666161050218,henan_north,fixed_best
63.452056864648796,54.27213642176844,52.92059482913846,18.47196673042964,46.36211739868297,41.29861286657985,27.381393504703826,94.813317936852,0.8,15.609764133861551,249.6208,118.37013569698927,0.022811575857440175,henan_north,fixed_best
45.99467656117503,84.38994772158176,21.55877159524899,81.12231381812478,12.34888002773696,29.051764417688364,31.823856229928474,91.72428494642702,0.8,12.19304856373562,444.12446469257293,64.40606029465759,0.3160496531703371,henan_north,fixed_best
17.625880032610855,55.005696733761525,22.313306836168188,18.34687499542331,47.4617408884823,38.43027128413634,25.152237085512432,91.11211310088292,0.8,15.491668468881329,232.0,274.06719972699887,0.006266839065740481,henan_north,fixed_best
39.74538667748577,8.85961450835773,4.98631865167645,0.4421846253402091,18.265656207499205,64.32039341374937,31.42395955604233,82.63411235715293,0.8,10.358609997312026,207.0,61.560205674378196,0.3522521078276203,henan_north,fixed_best
63.452056864648796,51.1393283872924,52.898251689838915,18.47196673042964,1.9394733625810758,41.205889360548575,26.42551510336138,94.813317936852,0.8,15.437577159862935,249.6208,206.6231829461427,0.008625645802312556,henan_north,fixed_best
27.413913726453238,52.940743044819726,22.30804364767117,18.37225112701651,47.70344335220615,41.08374554856149,25.29213414641562,91.81886078112117,0.8,15.45820903008734,232.0,225.48453187147862,0.008741783404375638,henan_north,fixed_best
63.452056864648796,54.14373401435358,52.898251689838915,11.468288324592457,21.048110225566738,41.29738415865769,27.329799382461474,94.813317936852,0.8,12.369851318727234,345.973278069241,63.54361324022543,0.32771852459456263,henan_north,fixed_best
57.46608935357688,13.68651568312667,3.877594886507742,18.25331334444767,14.061881966184018,65.95753914475753,31.42395955604233,91.6023400049873,0.8,14.963343466003035,206.28220000000002,162.08953137716796,0.036444143918510176,henan_north,fixed_best
18.23119933262342,9.485644369437878,21.554927071048734,82.37493053122145,37.199515583441084,27.642447745610085,56.21392941078442,90.27767725570597,0.8,14.77507053018399,400.0827936134637,75.62374712137697,0.09501368926382417,henan_north,fixed_best
40.26844485165376,59.11745168979346,1.4539533915263632,11.23199078490215,13.425095064735224,66.40609587873448,32.16348992573536,90.38679559921424,0.8,13.810693489168681,207.0,144.30418129272044,0.21612029657427573,henan_north,fixed_best
18.1009927212277,13.743602708058672,12.218237272794891,12.169717234554241,78.0162677894086,28.99810507565497,37.96690666169691,97.01632202793668,0.8,14.52900462151307,245.0,76.92575687331346,0.059916463973407774,henan_north,fixed_best
25.362845692381107,7.547278402914241,21.164769108428427,22.157763219364284,9.397944027535983,71.56160538573505,26.744911805755038,83.21008413582612,0.8,14.07739268128238,282.0,75.07450685057972,0.07979819949557981,henan_north,fixed_best
40.585410214135685,12.935600887347842,47.61168635579724,55.5886041612457,11.005082231463941,77.73587976000827,27.783649715551952,91.58825303669757,0.8,14.861204958333218,376.0,78.43766322251662,0.07409008986238405,henan_north,fixed_best
26.83278853484527,52.940743044819726,21.301688719658728,19.8442415611127,72.45920471117027,38.432307573329176,27.25232149782579,91.81886078112117,0.8,15.585718139456233,304.59048223645436,82.04575173836108,0.016694645534263388,henan_north,fixed_best
52.03884507934737,52.22200279508085,47.90335153981873,54.67184747192503,21.008916840317042,77.73587976000827,27.783649715551952,90.90456827578537,0.8,13.545721404851355,418.0,70.26056548059599,0.2740729247234756,henan_north,fixed_best
18.166581516832025,13.210094313773723,23.1325944242302,18.370337769072044,44.21683359905056,25.510572240591664,11.709028357175642,95.27848228191884,0.8,15.164225608881278,222.0,224.30106383153367,0.04084282882633972,henan_north,fixed_best
63.01205332244015,54.15445038764378,24.16153029327468,11.468288324592457,21.048110225566738,41.30335391043827,32.148575983168996,90.35752118313901,0.8,13.488667099990476,217.71400000000003,121.03263796887617,0.2465482269982961,henan_north,fixed_best
13.897960079474672,2.605487680722227,0.36574688858200943,0.9747797694739297,18.768467423696205,22.22784824564485,48.580202745840836,93.36827940918309,0.8,10.740513160398056,147.0,74.64615190472489,0.33107159260754865,henan_north,fixed_best
19.812882940532106,4.6918839225869355,12.261755639253083,3.233871382055831,44.90163709225069,67.93343927376733,57.42623865168825,97.35993656748404,0.8,11.449201534252568,124.05514073291894,175.14478003007702,0.2942168204141421,henan_north,fixed_best
19.812882940532106,4.6918839225869355,12.261755639253083,3.233871382055831,45.67919351295018,86.85826046290977,13.215809426632402,97.35993656748404,0.8,12.003369956193378,140.0,112.2933225347761,0.2185334945358726,henan_north,fixed_best
63.01205332244015,54.15445038764378,24.549848079702176,11.468288324592457,21.048110225566738,41.30335074810665,27.381285201435254,94.813317936852,0.8,11.923985885481633,270.7486,71.03524055729015,0.3752995515427908,henan_north,fixed_best
25.18676574781777,7.092472368645451,23.260507849541533,18.370337769072044,46.063051964583416,20.62285601951774,47.35944439525562,92.36964986571425,0.8,14.641234566093,257.0,110.17239258800518,0.09385842303861451,henan_north,fixed_best
39.762071775884856,8.631978642770306,7.747157549620475,0.19202517419401843,11.442084119397089,69.33459082877832,27.783649715551952,91.58825303669757,0.8,10.582197828633443,217.0,60.205024007973364,0.31826799399138705,henan_north,fixed_best
27.413913726453238,52.940743044819726,22.30804364767117,18.34817235607929,72.45920471117027,38.53053952845543,27.25232149782579,91.81886078112117,0.8,14.574997579082572,235.0,127.91076505606846,0.1373708222037176,henan_north,fixed_best
40.294232780149386,1.8666142875801786,4.0590248518463845,0.4421846253402091,11.663253901701047,20.069876087611817,31.42395955604233,91.61865653937924,0.8,11.9212140988042,162.0,86.82768872983777,0.1924897143179083,henan_north,fixed_best
11.494728600895742,13.266100821479084,27.375365950789465,12.817954938534426,39.00606666625036,28.958094046100054,47.455069391453115,82.91005096503217,0.8,14.04531571570846,252.0,72.6886048782001,0.11914903340952245,henan_north,fixed_best
11.494728600895742,4.711686218777982,27.375365950789465,9.596870355041842,43.2862427211239,32.1316090384254,31.081712040295745,83.42431707619944,0.8,11.488920374633102,222.0,69.66294318876982,0.3486670050256222,henan_north,fixed_best
25.668961950492587,39.45287537843901,17.748818545023823,11.945567871598174,70.63665372398958,28.03369542713676,49.35671580480703,91.6850239481425,0.8,13.341236420708725,210.0,105.5710832239779,0.16217936264732288,henan_north,fixed_best
14.261660752710036,11.721868665295084,12.124993951027463,3.233871382055831,45.67919351295018,67.93343927376733,31.286141477780152,91.62505560078566,0.8,12.78328451547566,187.0,87.67846509218873,0.2230418006855956,henan_north,fixed_best
57.27535000422135,52.00337197856255,36.372142586427195,11.468288324592457,21.048110225566738,41.29738415865769,27.24002314243254,94.813317936852,0.8,12.676114342628074,225.64540000000002,76.95747447898405,0.2850292397889559,henan_north,fixed_best
17.8711606396005,56.55896769067592,23.146990487225338,18.370337769072044,47.50097890491541,41.10642827391041,26.469793047476635,91.10750531684943,0.8,15.330917759383283,232.0,157.886064178439,0.014156951744741296,henan_north,fixed_best
34.45514865600759,52.22200279508085,4.037884674695103,54.67184747192503,11.579421683298968,77.73587976000827,27.783649715551952,90.90456827578537,0.8,13.15286849131362,408.2275552536565,70.59220407892266,0.2864188741433558,henan_north,fixed_best
18.23119933262342,9.561979355123295,21.554927071048734,55.410016849084975,36.433503867840685,75.67573089856887,56.21392941078442,91.56045904732832,0.8,14.827680029614935,360.0272173653467,77.53147776883301,0.07178021774580465,henan_north,fixed_best
15.018027658956614,12.370713290960817,0.4236734007294771,0.9747797694739297,18.768467423696205,68.02972131519016,48.580202745840836,93.36827940918309,0.8,11.238313753477346,162.0,80.72226134833087,0.2615511660924391,henan_north,fixed_best
32.03852319989494,11.629414385019835,17.42889809458966,0.403729856859248,11.413059680764986,67.93343927376733,28.658180261381226,85.16446829303223,0.8,12.984900975547735,207.0,87.37537643542575,0.18762242775015026,henan_north,fixed_best
14.41453356332828,7.547278402914241,21.16830903924143,10.882365235496197,9.397944027535983,70.39408011184487,0.3316371161146989,83.36418961535179,0.8,11.748444087556024,292.0,61.899564039454425,0.2670702223839072,henan_north,fixed_best
18.1009927212277,11.658961311897247,12.129526234027837,12.169717234554241,78.0162677894086,67.27122578174807,38.14028837282541,97.01632202793668,0.8,13.044582391609495,240.0,80.33211059346282,0.23598419388840733,henan_north,fixed_best
11.494728600895742,4.711686218777982,27.375365950789465,9.82822189391468,37.04731514658894,32.04060492441822,47.379567634765834,82.91005096503217,0.8,13.384835082584189,174.0,99.5998907400995,0.22878878126759455,henan_north,fixed_best
19.812882940532106,4.6918839225869355,12.261755639253083,3.233871382055831,45.67919351295018,24.712668063412732,32.17751577801214,97.28980893945383,0.8,11.445864108386342,124.05514073291894,175.13114894368044,0.2940126653687128,henan_north,fixed_best
40.57138669096892,2.6480006183443683,0.36574688858200943,0.9747797694739297,18.716803634215108,17.03166432626619,48.580202745840836,93.36827940918309,0.8,10.857507229913631,157.0,73.17991387667082,0.329464034519041,henan_north,fixed_best
14.938584828896078,10.97678841482385,27.273259301949707,9.85931085588808,4.384295679434839,29.425666318053466,55.38389040796726,91.76660084462343,0.8,14.561053396775538,192.0,144.70763051950064,0.04231016028327947,henan_north,fixed_best
13.894689996447703,13.251516682095012,21.11292921782026,10.98565983995144,13.049377773756543,35.78388848589736,12.205532014105486,91.67041376916036,0.8,11.799803725345313,197.0,71.61096464120129,0.2682877508420453,henan_north,fixed_best
18.1009927212277,13.786770742332585,20.548852833360968,11.594740964590331,78.0162677894086,28.99810507565497,27.1360517508494,97.03282087269157,0.8,13.871410645989448,245.0,75.91864966389335,0.12188213668839988,henan_north,fixed_best
32.03852319989494,13.714055781181262,4.202339012296935,0.18967957230052246,11.663253901701047,29.660318736498454,31.250577844913835,91.62505560078566,0.8,10.990950593565291,162.0,71.85546811321652,0.2893268979190433,henan_north,fixed_best
