policy,site_id,year,total_yield_t_ha,total_irrigation_mm,action_modified_rate,undiscounted_return,discounted_return,wheat_yield,wheat_irr,maize_yield,maize_irr,spring_maize_yield,spring_maize_irr,seed
threshold_rule,beijing_plain,2018,10.806418455879633,380.0,0.043478260869565216,-4.673276652224328,-3.13870460420768,2.9569990417550898,140.0,7.849419414124545,240.0,,,
threshold_rule,beijing_plain,2019,3.949632681206636,450.0,0.2920353982300885,-6.907454401961349,-5.539725085218662,2.861569065767968,450.0,1.0880636154386676,0.0,,,
threshold_rule,beijing_plain,2020,8.110077411284825,450.0,0.3185840707964602,-6.197761518564036,-4.876861880236931,3.3553801143953756,420.0,4.75469729688945,30.0,,,
threshold_rule,beijing_plain,2021,11.244349594345676,450.0,0.08849557522123894,-5.764673808621218,-4.6999556408539815,3.4890625772905683,440.0,7.755287017055108,10.0,,,
threshold_rule,beijing_plain,2022,12.305479240948276,220.0,0.008695652173913044,-2.513195540275718,-1.8830064137696942,3.3166738599676897,220.0,8.988805380980587,0.0,,,
threshold_rule,hebei_central,2018,12.229664418094668,450.0,0.09565217391304348,-5.518378881839665,-3.7113833135174517,4.267587591794669,120.0,7.962076826299998,330.0,,,
threshold_rule,hebei_central,2019,4.476666324395936,450.0,0.3333333333333333,-6.723919932583839,-5.5238548818379165,4.358338482417192,450.0,0.11832784197874387,0.0,,,
threshold_rule,hebei_central,2020,13.798951842404184,340.0,0.017543859649122806,-3.99166681986668,-3.2102865351137275,4.877406487083702,300.0,8.921545355320482,40.0,,,
threshold_rule,hebei_central,2021,13.78826560542438,440.0,0.0,-5.294930567381316,-4.127470585709521,4.780288199735418,340.0,9.007977405688962,100.0,,,
threshold_rule,hebei_central,2022,13.904617919304762,240.0,0.0,-2.680944178335036,-2.0246245658479545,4.914483238548729,220.0,8.990134680756034,20.0,,,
threshold_rule,henan_north,2018,15.63362905449653,180.0,0.017699115044247787,-1.7974360768737365,-1.4530057352164887,6.594207255454749,180.0,9.039421799041781,0.0,,,
threshold_rule,henan_north,2019,7.106400879375145,450.0,0.30701754385964913,-5.903126470751234,-5.011828265661288,7.106400879375145,450.0,0.0,0.0,,,
threshold_rule,henan_north,2020,15.988689872369903,360.0,0.03571428571428571,-4.120875640086931,-2.9336164298919534,7.285628789859043,200.0,8.70306108251086,160.0,,,
threshold_rule,henan_north,2021,16.476053903956643,450.0,0.017857142857142856,-5.282480583915356,-4.387063019191945,7.509715352816607,400.0,8.966338551140035,50.0,,,
threshold_rule,henan_north,2022,16.318349726262277,340.0,0.008771929824561403,-3.8499086941334295,-2.8076504808870597,7.22296629507398,260.0,9.095383431188298,80.0,,,
threshold_rule,shaanxi_guanzhong,2018,12.47832130058364,280.0,0.02702702702702703,-3.2638929781001593,-2.2297170442657577,4.651803422569631,80.0,7.82651787801401,200.0,,,
threshold_rule,shaanxi_guanzhong,2019,12.541677717745566,450.0,0.03571428571428571,-5.492581317079318,-4.483816186091127,4.734599267893373,340.0,7.8070784498521935,110.0,,,
threshold_rule,shaanxi_guanzhong,2020,13.752046403373203,120.0,0.01818181818181818,-1.1120387494759256,-0.9129448399728476,4.99478606696464,120.0,8.757260336408564,0.0,,,
threshold_rule,shaanxi_guanzhong,2021,14.337950155900536,40.0,0.018018018018018018,-0.03977371497021043,-0.11229850679472697,5.292494400444067,20.0,9.04545575545647,20.0,,,
threshold_rule,shaanxi_guanzhong,2022,13.745014792200223,240.0,0.026785714285714284,-2.6838416165014762,-1.8790692502856372,4.929920927807669,40.0,8.815093864392555,200.0,,,
threshold_rule,ningxia_irrigation,2018,14.553502662349741,440.0,0.045454545454545456,-5.430968508931344,-5.145768083686516,,,,,14.553502662349741,440.0,
threshold_rule,ningxia_irrigation,2019,14.350457563918383,450.0,0.022727272727272728,-5.57823641969267,-5.069438905202652,,,,,14.350457563918383,450.0,
threshold_rule,ningxia_irrigation,2020,11.48959701964236,450.0,0.2727272727272727,-6.0460961021065,-5.606864039076567,,,,,11.48959701964236,450.0,
threshold_rule,ningxia_irrigation,2021,12.724911912858378,450.0,0.38636363636363635,-6.19083206298235,-5.7555756734006644,,,,,12.724911912858378,450.0,
threshold_rule,ningxia_irrigation,2022,14.20102573271984,420.0,0.06818181818181818,-5.1795808993272665,-4.839011237006502,,,,,14.20102573271984,420.0,
quota_reserving_rule,beijing_plain,2018,10.806418455879633,380.0,0.043478260869565216,-4.673276652224328,-3.13870460420768,2.9569990417550898,140.0,7.849419414124545,240.0,,,
quota_reserving_rule,beijing_plain,2019,7.17744800928292,450.0,0.2743362831858407,-7.120617396784491,-5.655556778340657,2.5292308948530557,400.0,4.6482171144298645,50.0,,,
quota_reserving_rule,beijing_plain,2020,10.856743197488404,450.0,0.04424778761061947,-5.587083488922536,-4.381642368872811,3.1230423043952005,280.0,7.733700893093204,170.0,,,
quota_reserving_rule,beijing_plain,2021,11.24149935208299,360.0,0.017699115044247787,-4.381694083251038,-3.706747860998006,3.1847004347517283,300.0,8.05679891733126,60.0,,,
quota_reserving_rule,beijing_plain,2022,12.305479240948276,220.0,0.008695652173913044,-2.513195540275718,-1.8830064137696942,3.3166738599676897,220.0,8.988805380980587,0.0,,,
quota_reserving_rule,hebei_central,2018,12.229664418094668,450.0,0.09565217391304348,-5.518378881839665,-3.7113833135174517,4.267587591794669,120.0,7.962076826299998,330.0,,,
quota_reserving_rule,hebei_central,2019,12.69181919701565,440.0,0.07017543859649122,-5.5494074346955635,-4.719489827841379,3.7918792945546853,400.0,8.899939902460964,40.0,,,
quota_reserving_rule,hebei_central,2020,12.787897157816953,380.0,0.043859649122807015,-4.558824805848334,-3.5392207117483716,4.877406487083702,280.0,7.910490670733252,100.0,,,
quota_reserving_rule,hebei_central,2021,12.849703428668507,440.0,0.0,-5.3366444419037995,-4.0964682777879045,4.780288199735418,280.0,8.069415228933089,160.0,,,
quota_reserving_rule,hebei_central,2022,13.904617919304762,240.0,0.0,-2.680944178335036,-2.0246245658479545,4.914483238548729,220.0,8.990134680756034,20.0,,,
quota_reserving_rule,henan_north,2018,15.63362905449653,180.0,0.017699115044247787,-1.7974360768737365,-1.4530057352164887,6.594207255454749,180.0,9.039421799041781,0.0,,,
quota_reserving_rule,henan_north,2019,14.720471515583522,450.0,0.2894736842105263,-5.370780390310124,-4.6036796740992525,6.450204808381854,360.0,8.270266707201667,90.0,,,
quota_reserving_rule,henan_north,2020,15.988689872369903,360.0,0.03571428571428571,-4.120875640086931,-2.9336164298919534,7.285628789859043,200.0,8.70306108251086,160.0,,,
quota_reserving_rule,henan_north,2021,14.413326390665924,420.0,0.017857142857142856,-4.971325340434551,-4.104967251148549,7.366526597037117,280.0,7.046799793628807,140.0,,,
quota_reserving_rule,henan_north,2022,16.318349726262277,340.0,0.008771929824561403,-3.8499086941334295,-2.8076504808870597,7.22296629507398,260.0,9.095383431188298,80.0,,,
quota_reserving_rule,shaanxi_guanzhong,2018,12.47832130058364,280.0,0.02702702702702703,-3.2638929781001593,-2.2297170442657577,4.651803422569631,80.0,7.82651787801401,200.0,,,
quota_reserving_rule,shaanxi_guanzhong,2019,12.495789404168507,420.0,0.008928571428571428,-5.091843019904965,-4.1485545088588625,4.734599267893373,280.0,7.761190136275134,140.0,,,
quota_reserving_rule,shaanxi_guanzhong,2020,13.752046403373203,120.0,0.01818181818181818,-1.1120387494759256,-0.9129448399728476,4.99478606696464,120.0,8.757260336408564,0.0,,,
quota_reserving_rule,shaanxi_guanzhong,2021,14.337950155900536,40.0,0.018018018018018018,-0.03977371497021043,-0.11229850679472697,5.292494400444067,20.0,9.04545575545647,20.0,,,
quota_reserving_rule,shaanxi_guanzhong,2022,13.745014792200223,240.0,0.026785714285714284,-2.6838416165014762,-1.8790692502856372,4.929920927807669,40.0,8.815093864392555,200.0,,,
quota_reserving_rule,ningxia_irrigation,2018,14.553502662349741,440.0,0.045454545454545456,-5.430968508931344,-5.145768083686516,,,,,14.553502662349741,440.0,
quota_reserving_rule,ningxia_irrigation,2019,14.350457563918383,450.0,0.022727272727272728,-5.57823641969267,-5.069438905202652,,,,,14.350457563918383,450.0,
quota_reserving_rule,ningxia_irrigation,2020,11.48959701964236,450.0,0.2727272727272727,-6.0460961021065,-5.606864039076567,,,,,11.48959701964236,450.0,
quota_reserving_rule,ningxia_irrigation,2021,12.724911912858378,450.0,0.38636363636363635,-6.19083206298235,-5.7555756734006644,,,,,12.724911912858378,450.0,
quota_reserving_rule,ningxia_irrigation,2022,14.20102573271984,420.0,0.06818181818181818,-5.1795808993272665,-4.839011237006502,,,,,14.20102573271984,420.0,
ppo_direct,beijing_plain,2018,9.364072697824888,210.0,0.1826086956521739,-2.6617712713368,-1.889840493858271,2.755542714642427,50.0,6.6085299831824615,160.0,,,0
ppo_direct,beijing_plain,2019,6.295820396985044,435.0,0.26548672566371684,-7.040591838309683,-5.403228104917439,1.4842415741027162,385.0,4.8115788228823275,50.0,,,0
ppo_direct,beijing_plain,2020,6.600028076272502,130.0,0.07079646017699115,-1.9597167986411232,-1.4598608124359638,0.7186642915056483,90.0,5.881363784766854,40.0,,,0
ppo_direct,beijing_plain,2021,9.776860999650033,80.0,0.11504424778761062,-1.0566777274224144,-0.8307688491490587,0.8854296453724676,70.0,8.891431354277566,10.0,,,0
ppo_direct,beijing_plain,2022,10.876376846601245,130.0,0.16521739130434782,-1.5132006147121886,-1.2175148371455118,2.900635134224942,90.0,7.975741712376303,40.0,,,0
ppo_direct,hebei_central,2018,9.430696183170575,190.0,0.12173913043478261,-2.3380803145013336,-1.6381216949991777,4.1702992452130925,30.0,5.2603969379574815,160.0,,,0
ppo_direct,hebei_central,2019,11.497819125509753,425.0,0.21929824561403508,-5.881282093657626,-4.71669460415779,2.79467701356079,380.0,8.703142111948964,45.0,,,0
ppo_direct,hebei_central,2020,11.996201346014022,160.0,0.14035087719298245,-1.9466695496316828,-1.4868178891454022,4.076971368557992,100.0,7.9192299774560295,60.0,,,0
ppo_direct,hebei_central,2021,12.14250614282473,140.0,0.14285714285714285,-1.6752803654880122,-1.3210534266809952,4.101380460088038,130.0,8.041125682736693,10.0,,,0
ppo_direct,hebei_central,2022,12.157258676587208,160.0,0.11403508771929824,-1.835309195816159,-1.4224538052160858,4.433731123028249,80.0,7.72352755355896,80.0,,,0
ppo_direct,henan_north,2018,14.964738970036326,70.0,0.09734513274336283,-0.4040127976054486,-0.46990889414876474,5.92436609507218,60.0,9.040372874964145,10.0,,,0
ppo_direct,henan_north,2019,5.802191335343846,230.0,0.12280701754385964,-3.345103510385163,-2.6833188370589247,2.154503585039401,230.0,3.6476877503044443,0.0,,,0
ppo_direct,henan_north,2020,14.598646432827657,160.0,0.09821428571428571,-1.6925959061335498,-1.305974990699341,6.71921498586386,80.0,7.879431446963798,80.0,,,0
ppo_direct,henan_north,2021,9.857334299576289,90.0,0.20535714285714285,-1.2244944904860842,-0.9518465856565901,2.5123536188671447,80.0,7.344980680709145,10.0,,,0
ppo_direct,henan_north,2022,15.553725266766076,140.0,0.15789473684210525,-1.497068575201366,-1.2603583074029547,6.454612807067842,130.0,9.099112459698235,10.0,,,0
ppo_direct,shaanxi_guanzhong,2018,11.525083992309566,150.0,0.23423423423423423,-1.6147361996743905,-1.1969475254920112,4.65134093175602,30.0,6.873743060553546,120.0,,,0
ppo_direct,shaanxi_guanzhong,2019,8.761290523893386,130.0,0.08928571428571429,-1.8997617659769528,-1.4170783472829918,1.52672187994623,70.0,7.234568643947156,60.0,,,0
ppo_direct,shaanxi_guanzhong,2020,13.604604165826172,40.0,0.17272727272727273,-0.09617312566024272,-0.2518869396666273,4.816949041980374,30.0,8.787655123845798,10.0,,,0
ppo_direct,shaanxi_guanzhong,2021,14.344865901514694,40.0,0.0990990990990991,-0.06168941138902795,-0.23494192380921597,5.292428197812643,30.0,9.05243770370205,10.0,,,0
ppo_direct,shaanxi_guanzhong,2022,10.849505980886912,30.0,0.125,-0.10327806239893778,-0.20645848612113937,4.929889295916342,20.0,5.91961668497057,10.0,,,0
ppo_direct,ningxia_irrigation,2018,6.346806283015375,240.0,0.3409090909090909,-3.0321277922394723,-2.8915820451173047,,,,,6.346806283015375,240.0,0
ppo_direct,ningxia_irrigation,2019,8.319116637830215,320.0,0.38636363636363635,-4.223273858966036,-3.7896897220762185,,,,,8.319116637830215,320.0,0
ppo_direct,ningxia_irrigation,2020,6.770090088985384,380.0,0.45454545454545453,-5.344391456318073,-4.887037914161626,,,,,6.770090088985384,380.0,0
ppo_direct,ningxia_irrigation,2021,0.0,0.0,0.022727272727272728,-0.08607043041529906,-0.07916957681129456,,,,,0.0,0.0,0
ppo_direct,ningxia_irrigation,2022,10.574241730267536,320.0,0.38636363636363635,-4.261642288220827,-3.9820244186289124,,,,,10.574241730267536,320.0,0
ppo_direct,beijing_plain,2018,9.849559465820064,90.0,0.06086956521739131,-1.1137557895228212,-0.8362139546019737,2.7209589944836385,30.0,7.128600471336426,60.0,,,1
ppo_direct,beijing_plain,2019,6.068435066361534,450.0,0.23893805309734514,-6.946025371307119,-5.332132599260801,1.6017138858898505,400.0,4.4667211804716835,50.0,,,1
ppo_direct,beijing_plain,2020,7.87861760446616,150.0,0.07079646017699115,-2.019351936320194,-1.4653726949590071,0.7116393136963514,50.0,7.1669782907698085,100.0,,,1
ppo_direct,beijing_plain,2021,9.695441173286952,50.0,0.035398230088495575,-0.7353992454675489,-0.6129807908295513,0.8255678949271094,50.0,8.869873278359842,0.0,,,1
ppo_direct,beijing_plain,2022,10.87158344627285,110.0,0.06956521739130435,-1.2523102553158123,-0.9572986349095381,2.895846073353812,70.0,7.9757373729190375,40.0,,,1
ppo_direct,hebei_central,2018,9.415619122876684,170.0,0.0782608695652174,-2.0777183447757754,-1.3778886815919862,4.152426712584813,10.0,5.263192410291871,160.0,,,1
ppo_direct,hebei_central,2019,11.433501428984378,390.0,0.10526315789473684,-5.264696213503198,-4.3246506491437815,2.79467701356079,380.0,8.638824415423588,10.0,,,1
ppo_direct,hebei_central,2020,11.941102997371534,150.0,0.08771929824561403,-1.8077196776287265,-1.3795372689581,4.041361557522055,90.0,7.899741439849479,60.0,,,1
ppo_direct,hebei_central,2021,12.203222783520337,130.0,0.10714285714285714,-1.531506301106277,-1.2053832608197443,4.155609452288161,130.0,8.047613331232176,0.0,,,1
ppo_direct,hebei_central,2022,12.145951863885745,130.0,0.07017543859649122,-1.5335896989945814,-1.127929581452825,4.392705461387903,50.0,7.753246402497843,80.0,,,1
ppo_direct,henan_north,2018,14.997266968664288,30.0,0.02654867256637168,0.01934884175444207,-0.11211071024886088,5.957845169622508,30.0,9.039421799041781,0.0,,,1
ppo_direct,henan_north,2019,5.8862505864139045,230.0,0.10526315789473684,-3.3230469648854877,-2.6540782225594644,2.0148251533113863,220.0,3.8714254331025186,10.0,,,1
ppo_direct,henan_north,2020,14.019537320822614,130.0,0.08035714285714286,-1.415839253652337,-1.0485915004404573,6.69214431994943,70.0,7.327393000873185,60.0,,,1
ppo_direct,henan_north,2021,10.158649507771937,90.0,0.09821428571428571,-1.207733153344625,-0.9670058148004737,2.808837194825093,90.0,7.3498123129468445,0.0,,,1
ppo_direct,henan_north,2022,15.489030182464607,110.0,0.06140350877192982,-1.097459496441609,-0.9066363499371383,6.389047708853274,110.0,9.099982473611332,0.0,,,1
ppo_direct,shaanxi_guanzhong,2018,11.525113181220032,130.0,0.06306306306306306,-1.3536234206255398,-0.9371786089500833,4.651370120666486,10.0,6.873743060553546,120.0,,,1
ppo_direct,shaanxi_guanzhong,2019,8.884548410503735,130.0,0.05357142857142857,-1.694488534400793,-1.2703456296344118,1.6389974934818905,70.0,7.245550917021844,60.0,,,1
ppo_direct,shaanxi_guanzhong,2020,13.575936599803022,10.0,0.01818181818181818,0.30533255881344556,0.10933179249516672,4.816108229989426,10.0,8.759828369813597,0.0,,,1
ppo_direct,shaanxi_guanzhong,2021,14.340680708597391,10.0,0.02702702702702703,0.34090319848298317,0.12879125838302263,5.292494400444067,10.0,9.048186308153324,0.0,,,1
ppo_direct,shaanxi_guanzhong,2022,10.686615794383453,10.0,0.008928571428571428,0.17278449058250933,0.026072306883026086,4.9298840272486775,10.0,5.7567317671347755,0.0,,,1
ppo_direct,ningxia_irrigation,2018,7.860706651369605,260.0,0.1590909090909091,-3.6517287669364062,-3.4588832724962777,,,,,7.860706651369605,260.0,1
ppo_direct,ningxia_irrigation,2019,8.319116637830215,320.0,0.29545454545454547,-4.223273858966036,-3.7896897220762185,,,,,8.319116637830215,320.0,1
ppo_direct,ningxia_irrigation,2020,6.770090088985384,380.0,0.13636363636363635,-5.344391456318073,-4.887037914161626,,,,,6.770090088985384,380.0,1
ppo_direct,ningxia_irrigation,2021,0.0,0.0,0.0,-0.08607043041529906,-0.07916957681129456,,,,,0.0,0.0,1
ppo_direct,ningxia_irrigation,2022,10.574241730267536,320.0,0.22727272727272727,-4.261642288220827,-3.9820244186289124,,,,,10.574241730267536,320.0,1
ppo_direct,beijing_plain,2018,10.01298129634643,150.0,0.14782608695652175,-1.8809220047472084,-1.3641310584314923,2.732295206478932,30.0,7.280686089867498,120.0,,,2
ppo_direct,beijing_plain,2019,7.221409758400181,450.0,0.1415929203539823,-6.20286368869064,-4.873807570803693,1.5150774460380234,400.0,5.706332312362158,50.0,,,2
ppo_direct,beijing_plain,2020,6.722634522393966,180.0,0.08849557522123894,-2.5705775584694797,-1.8874240215366955,0.8671746439643813,80.0,5.855459878429584,100.0,,,2
ppo_direct,beijing_plain,2021,8.961178299203079,110.0,0.08849557522123894,-1.4725896927802056,-1.1576902167226752,0.975302396978891,70.0,7.985875902224188,40.0,,,2
ppo_direct,beijing_plain,2022,11.859716635713683,100.0,0.1391304347826087,-1.2103910572291259,-0.9887381523002226,2.8531075678751967,90.0,9.006609067838486,10.0,,,2
ppo_direct,hebei_central,2018,9.418452224649513,180.0,0.11304347826086956,-2.2192478651100296,-1.5272577788574022,4.15530213087536,20.0,5.263150093774152,160.0,,,2
ppo_direct,hebei_central,2019,11.253562803350823,410.0,0.09649122807017543,-5.3354707375700965,-4.379534853126401,2.5998288382574724,400.0,8.65373396509335,10.0,,,2
ppo_direct,hebei_central,2020,11.995925593482959,160.0,0.14912280701754385,-1.9466636581073788,-1.5187107977860714,4.097129482797147,100.0,7.898796110685812,60.0,,,2
ppo_direct,hebei_central,2021,12.285350266857364,150.0,0.11607142857142858,-1.8111677022075807,-1.4410120613683663,4.159055597709334,140.0,8.126294669148031,10.0,,,2
ppo_direct,hebei_central,2022,12.13798567812681,150.0,0.08771929824561403,-1.716790611173158,-1.3102256235060925,4.409614648266133,70.0,7.728371029860678,80.0,,,2
ppo_direct,henan_north,2018,15.043317374206655,60.0,0.07079646017699115,-0.40308756828991177,-0.4539169059632168,6.002954205171913,50.0,9.040363169034741,10.0,,,2
ppo_direct,henan_north,2019,5.7980086850875665,220.0,0.09649122807017543,-3.2034730838757888,-2.559800791731304,1.906063293445495,210.0,3.891945391642072,10.0,,,2
ppo_direct,henan_north,2020,14.634236826228044,130.0,0.09821428571428571,-1.4104572953041297,-1.0959006960425335,6.720621594126621,60.0,7.913615232101423,70.0,,,2
ppo_direct,henan_north,2021,12.12142771068225,130.0,0.15178571428571427,-1.755293949255298,-1.4029195535357555,3.5627117867429097,120.0,8.55871592393934,10.0,,,2
ppo_direct,henan_north,2022,15.538061224909757,130.0,0.10526315789473684,-1.3783797140193892,-1.1523816694654963,6.434717599119602,120.0,9.103343625790156,10.0,,,2
ppo_direct,shaanxi_guanzhong,2018,11.524994020632727,165.0,0.12612612612612611,-1.875852452024179,-1.390796478602575,4.651250960079181,45.0,6.873743060553546,120.0,,,2
ppo_direct,shaanxi_guanzhong,2019,8.780021296334116,140.0,0.08035714285714286,-2.0432873801892675,-1.5614349064967428,1.5461964280003124,80.0,7.233824868333803,60.0,,,2
ppo_direct,shaanxi_guanzhong,2020,13.603945076366212,30.0,0.2,0.02324145886778861,-0.1348353354073577,4.816289952520413,20.0,8.787655123845798,10.0,,,2
ppo_direct,shaanxi_guanzhong,2021,14.340228859122664,30.0,0.11711711711711711,0.05754916428597323,-0.11727151342786657,5.292445680591085,20.0,9.04778317853158,10.0,,,2
ppo_direct,shaanxi_guanzhong,2022,10.878703401454374,30.0,0.08928571428571429,-0.1023493297648197,-0.21044652598821895,4.929889295916342,20.0,5.948814105538031,10.0,,,2
ppo_direct,ningxia_irrigation,2018,6.346806283015375,240.0,0.3181818181818182,-3.0321277922394723,-2.8915820451173047,,,,,6.346806283015375,240.0,2
ppo_direct,ningxia_irrigation,2019,8.319116637830215,320.0,0.3181818181818182,-4.223273858966036,-3.7896897220762185,,,,,8.319116637830215,320.0,2
ppo_direct,ningxia_irrigation,2020,6.770090088985384,400.0,0.3181818181818182,-5.605502567429184,-5.0985790072578885,,,,,6.770090088985384,400.0,2
ppo_direct,ningxia_irrigation,2021,0.0,10.0,0.022727272727272728,-0.22803568674841024,-0.22012791014462793,,,,,0.0,10.0,2
ppo_direct,ningxia_irrigation,2022,10.574241730267536,320.0,0.29545454545454547,-4.261642288220827,-3.9820244186289124,,,,,10.574241730267536,320.0,2
ppo_residual,beijing_plain,2018,9.888462055534461,185.0,0.16521739130434782,-2.2575557192551208,-1.5901074504009034,2.745832023832452,40.0,7.142630031702009,145.0,,,0
ppo_residual,beijing_plain,2019,6.790672621299834,450.0,0.2743362831858407,-6.971293516945322,-5.3271077531588285,1.816457549891739,375.0,4.974215071408095,75.0,,,0
ppo_residual,beijing_plain,2020,10.368601421576365,190.0,0.04424778761061947,-2.4798687017160432,-1.9366430139342632,1.5120236218051393,165.0,8.856577799771225,25.0,,,0
ppo_residual,beijing_plain,2021,10.213360511938621,115.0,0.1415929203539823,-1.4497620074547155,-1.199789632523768,1.2917403826216018,110.0,8.92162012931702,5.0,,,0
ppo_residual,beijing_plain,2022,10.984230619978472,130.0,0.12173913043478261,-1.3851593484586755,-1.1005513420478295,3.0079233484256034,90.0,7.9763072715528684,40.0,,,0
ppo_residual,hebei_central,2018,9.384503754675013,175.0,0.11304347826086956,-2.1389545513227683,-1.4680713933054712,4.113008046582426,15.0,5.271495708092586,160.0,,,0
ppo_residual,hebei_central,2019,5.68537561378243,450.0,0.2807017543859649,-7.000217270848482,-5.414251664764564,2.6875645048532992,400.0,2.99781110892913,50.0,,,0
ppo_residual,hebei_central,2020,13.163687430145998,160.0,0.08771929824561403,-1.7493729235464945,-1.4318885591054882,4.213997070070472,135.0,8.949690360075527,25.0,,,0
ppo_residual,hebei_central,2021,12.083641315369107,160.0,0.11607142857142858,-1.894459313503781,-1.5258057877621867,3.9904505742751653,145.0,8.093190741093942,15.0,,,0
ppo_residual,hebei_central,2022,11.885655317775923,145.0,0.07017543859649122,-1.5243202321770817,-1.2035684234644415,4.405326542117227,85.0,7.480328775658696,60.0,,,0
ppo_residual,henan_north,2018,14.963852038156181,60.0,0.08849557522123894,-0.28460777235567725,-0.37081203014321507,5.92436609507218,55.0,9.039485943084001,5.0,,,0
ppo_residual,henan_north,2019,7.939696266355752,185.0,0.06140350877192982,-2.4359551001561797,-1.963973469092562,1.0847023686510076,180.0,6.854993897704745,5.0,,,0
ppo_residual,henan_north,2020,14.266345237833612,130.0,0.08035714285714286,-1.3041967611018375,-1.0188108672072993,6.707831110934852,65.0,7.558514126898761,65.0,,,0
ppo_residual,henan_north,2021,13.922131361499723,170.0,0.16964285714285715,-2.0341453836280334,-1.6649990786841697,5.29674680634797,165.0,8.625384555151753,5.0,,,0
ppo_residual,henan_north,2022,15.522270954161073,135.0,0.14035087719298245,-1.416256173015353,-1.1733836112661857,6.419902219791785,130.0,9.102368734369287,5.0,,,0
ppo_residual,shaanxi_guanzhong,2018,11.523956390021972,150.0,0.1981981981981982,-1.6147923332891707,-1.1796536145647472,4.65134093175602,25.0,6.872615458265952,125.0,,,0
ppo_residual,shaanxi_guanzhong,2019,8.3632548310848,110.0,0.08035714285714286,-1.4480280717133862,-1.1408744778844668,0.9851696026032293,45.0,7.378085228481571,65.0,,,0
ppo_residual,shaanxi_guanzhong,2020,13.588485340731182,30.0,0.1,0.022562502729818967,-0.15079294201606613,4.824261845483079,25.0,8.764223495248103,5.0,,,0
ppo_residual,shaanxi_guanzhong,2021,14.337557886325337,30.0,0.10810810810810811,0.057430011200865105,-0.12874885084941434,5.292410779929472,25.0,9.045147106395865,5.0,,,0
ppo_residual,shaanxi_guanzhong,2022,10.678349928381138,25.0,0.13392857142857142,-0.028953025560816692,-0.16391480830098965,4.929874905084453,25.0,5.748475023296685,0.0,,,0
ppo_residual,ningxia_irrigation,2018,11.600222663050518,315.0,0.20454545454545456,-4.03152479769259,-3.8305184812737108,,,,,11.600222663050518,315.0,0
ppo_residual,ningxia_irrigation,2019,8.653672890652837,320.0,0.18181818181818182,-4.0695859915524295,-3.664867373237393,,,,,8.653672890652837,320.0,0
ppo_residual,ningxia_irrigation,2020,8.774297115493559,420.0,0.18181818181818182,-5.348739241061382,-4.892400640187026,,,,,8.774297115493559,420.0,0
ppo_residual,ningxia_irrigation,2021,0.0,25.0,0.022727272727272728,-0.4059144027337689,-0.39839874347796134,,,,,0.0,25.0,0
ppo_residual,ningxia_irrigation,2022,10.119003952059217,315.0,0.22727272727272727,-4.194070278579814,-3.916937636059626,,,,,10.119003952059217,315.0,0
ppo_residual,beijing_plain,2018,10.01506016121993,170.0,0.12173913043478261,-2.059226363085618,-1.478031015242464,2.7594677372159335,40.0,7.255592424003996,130.0,,,1
ppo_residual,beijing_plain,2019,8.255762178722184,420.0,0.09734513274336283,-5.233591960189513,-4.21295353272076,1.4286702990056719,395.0,6.827091879716513,25.0,,,1
ppo_residual,beijing_plain,2020,6.552213894118591,110.0,0.061946902654867256,-1.6935585385249807,-1.2875252893741722,0.8526928386716722,70.0,5.699521055446919,40.0,,,1
ppo_residual,beijing_plain,2021,9.939659789182842,85.0,0.1504424778761062,-1.1819828023374481,-0.9613311375192726,1.0240022800680753,85.0,8.915657509114768,0.0,,,1
ppo_residual,beijing_plain,2022,10.969418266779986,130.0,0.0782608695652174,-1.4863179655116596,-1.171874854740998,2.993105486939329,90.0,7.976312779840656,40.0,,,1
ppo_residual,hebei_central,2018,9.384503754675013,170.0,0.10434782608695652,-2.0792323291005457,-1.4089449002499153,4.113008046582426,10.0,5.271495708092586,160.0,,,1
ppo_residual,hebei_central,2019,12.19443089399396,420.0,0.12280701754385964,-5.0670210290424915,-4.197024046015587,3.215838229018929,415.0,8.978592664975032,5.0,,,1
ppo_residual,hebei_central,2020,12.062646659688715,170.0,0.11403508771929824,-2.0598767890628102,-1.6110503488533567,4.163913594592983,110.0,7.898733065095732,60.0,,,1
ppo_residual,hebei_central,2021,12.103005353011095,140.0,0.125,-1.7518831594526914,-1.4172829379655911,4.0151319180374925,140.0,8.087873434973604,0.0,,,1
ppo_residual,hebei_central,2022,11.948953539529708,145.0,0.07894736842105263,-1.5213776129777643,-1.2038332883121108,4.4660080774074595,85.0,7.482945462122248,60.0,,,1
ppo_residual,henan_north,2018,14.961746017008888,50.0,0.10619469026548672,-0.1433393921234385,-0.26832564117233443,5.921719022274591,40.0,9.040026994734298,10.0,,,1
ppo_residual,henan_north,2019,9.307084867560379,235.0,0.10526315789473684,-3.1093171939410786,-2.526093941826,2.0375169695229385,235.0,7.26956789803744,0.0,,,1
ppo_residual,henan_north,2020,13.811126761959533,125.0,0.0625,-1.2423948810341465,-0.9745098718729572,6.717559276474316,65.0,7.0935674854852175,60.0,,,1
ppo_residual,henan_north,2021,10.657303011091637,135.0,0.09821428571428571,-1.856664629270532,-1.4625584571018928,3.2874575873637872,110.0,7.36984542372785,25.0,,,1
ppo_residual,henan_north,2022,15.55972107992783,145.0,0.11403508771929824,-1.3340239882353622,-1.114794719066766,6.4573609965746295,140.0,9.1023600833532,5.0,,,1
ppo_residual,shaanxi_guanzhong,2018,11.523604264418326,135.0,0.10810810810810811,-1.4134318666650025,-1.0270876563580016,4.64986120386478,15.0,6.873743060553546,120.0,,,1
ppo_residual,shaanxi_guanzhong,2019,8.993433664187439,150.0,0.08928571428571429,-2.1506422832272007,-1.6904486286794858,1.7012743846070573,85.0,7.292159279580382,65.0,,,1
ppo_residual,shaanxi_guanzhong,2020,13.525772059874363,35.0,0.12727272727272726,-0.01783250333347286,-0.15112581334813163,4.7685117234658,35.0,8.757260336408564,0.0,,,1
ppo_residual,shaanxi_guanzhong,2021,14.34065604976362,15.0,0.13513513513513514,0.28117956718454534,0.037858447160483255,5.292469741610295,15.0,9.048186308153324,0.0,,,1
ppo_residual,shaanxi_guanzhong,2022,10.699900782114588,15.0,0.11607142857142858,0.11362185549491982,-0.04919621233010607,4.929900905050031,15.0,5.769999877064556,0.0,,,1
ppo_residual,ningxia_irrigation,2018,8.409119110921813,255.0,0.25,-3.2568039823904793,-3.096835558740696,,,,,8.409119110921813,255.0,1
ppo_residual,ningxia_irrigation,2019,7.9293756596433305,320.0,0.18181818181818182,-3.989323326397967,-3.582740094366669,,,,,7.9293756596433305,320.0,1
ppo_residual,ningxia_irrigation,2020,8.138066091695572,415.0,0.18181818181818182,-5.305471182892927,-4.839687062093905,,,,,8.138066091695572,415.0,1
ppo_residual,ningxia_irrigation,2021,0.0,0.0,0.022727272727272728,-0.08607043041529906,-0.07916957681129456,,,,,0.0,0.0,1
ppo_residual,ningxia_irrigation,2022,10.665758226102522,325.0,0.25,-4.298215236042408,-4.0053057898604605,,,,,10.665758226102522,325.0,1
ppo_residual,beijing_plain,2018,9.80087973490246,45.0,0.02608695652173913,-0.4358762191281443,-0.3736184656893147,2.6813558362564787,25.0,7.119523898645983,20.0,,,2
ppo_residual,beijing_plain,2019,8.041194980625713,405.0,0.11504424778761062,-5.360992891123784,-4.297882231867971,1.4106746696069925,385.0,6.630520311018721,20.0,,,2
ppo_residual,beijing_plain,2020,6.522993113430482,85.0,0.035398230088495575,-1.2153533735012014,-0.9118399878794636,0.6333911127198273,45.0,5.889602000710655,40.0,,,2
ppo_residual,beijing_plain,2021,9.661420122468018,40.0,0.05309734513274336,-0.49585940403809803,-0.4264291192594697,0.7961003518919771,40.0,8.86531977057604,0.0,,,2
ppo_residual,beijing_plain,2022,11.82295432141466,70.0,0.06956521739130435,-0.7651051983910678,-0.6189248357953427,2.8178926980392225,70.0,9.005061623375438,0.0,,,2
ppo_residual,hebei_central,2018,9.385112351770768,160.0,0.0782608695652174,-1.9375461315852052,-1.268680115529608,4.112445803605742,0.0,5.2726665481650254,160.0,,,2
ppo_residual,hebei_central,2019,11.791508707365095,380.0,0.12280701754385964,-4.863093542917358,-4.044920774296603,2.8169518303479144,380.0,8.97455687701718,0.0,,,2
ppo_residual,hebei_central,2020,11.840736011421358,145.0,0.14035087719298245,-1.83056097153736,-1.383828873996982,3.9427454515906786,85.0,7.897990559830679,60.0,,,2
ppo_residual,hebei_central,2021,12.182529740643618,125.0,0.08928571428571429,-1.3498593936506005,-1.064049318341165,4.121366718807938,125.0,8.06116302183568,0.0,,,2
ppo_residual,hebei_central,2022,13.30636337954757,65.0,0.043859649122807015,-0.5175709747793797,-0.4643620629045888,4.353711038109714,65.0,8.952652341437856,0.0,,,2
ppo_residual,henan_north,2018,14.94700811145933,40.0,0.04424778761061947,-0.0021109516022703723,-0.11710670524144462,5.9075766056339445,40.0,9.039431505825386,0.0,,,2
ppo_residual,henan_north,2019,9.304666086705819,230.0,0.08771929824561403,-3.149667517263855,-2.5539187042651488,2.0225737913985746,230.0,7.282092295307245,0.0,,,2
ppo_residual,henan_north,2020,13.786981184581762,120.0,0.09821428571428571,-1.0842337515514782,-0.8042814109296579,6.7211012528325345,60.0,7.065879931749228,60.0,,,2
ppo_residual,henan_north,2021,10.959413553577376,85.0,0.08928571428571429,-1.0941504498528176,-0.8751865649460637,2.50366191127547,85.0,8.455751642301905,0.0,,,2
ppo_residual,henan_north,2022,15.59290025862819,130.0,0.07017543859649122,-1.3311430132313853,-1.0657749148662083,6.4880658778696,130.0,9.10483438075859,0.0,,,2
ppo_residual,shaanxi_guanzhong,2018,11.651944844057049,125.0,0.10810810810810811,-1.266327876596807,-0.8640794088392374,4.648332329724559,0.0,7.00361251433249,125.0,,,2
ppo_residual,shaanxi_guanzhong,2019,8.523941863247417,105.0,0.07142857142857142,-1.5705545787675346,-1.1610288984842225,1.1483374151742907,40.0,7.375604448073127,65.0,,,2
ppo_residual,shaanxi_guanzhong,2020,13.516535964349748,0.0,0.03636363636363636,0.44422472445411904,0.21328795803383035,4.755989944168926,0.0,8.760546020180822,0.0,,,2
ppo_residual,shaanxi_guanzhong,2021,14.340680708597391,0.0,0.036036036036036036,0.48256986514964983,0.23525047788181117,5.292494400444067,0.0,9.048186308153324,0.0,,,2
ppo_residual,shaanxi_guanzhong,2022,10.692777748130252,0.0,0.0,0.3147130327812418,0.13649052045026866,4.929920927807669,0.0,5.762856820322583,0.0,,,2
ppo_residual,ningxia_irrigation,2018,5.646594030840249,225.0,0.2727272727272727,-3.0513959825670676,-2.9063434890325586,,,,,5.646594030840249,225.0,2
ppo_residual,ningxia_irrigation,2019,8.868968861622431,310.0,0.20454545454545456,-4.073939984585605,-3.6790210376255588,,,,,8.868968861622431,310.0,2
ppo_residual,ningxia_irrigation,2020,6.325936916721812,380.0,0.25,-5.014175568948397,-4.585740926593057,,,,,6.325936916721812,380.0,2
ppo_residual,ningxia_irrigation,2021,0.0,0.0,0.0,-0.08607043041529906,-0.07916957681129456,,,,,0.0,0.0,2
ppo_residual,ningxia_irrigation,2022,10.678889092967944,325.0,0.2727272727272727,-4.397698403317376,-4.098997207552428,,,,,10.678889092967944,325.0,2
