site_id,smt_level,alpha,mean_total_yield,std_total_yield,mean_total_irr
beijing_plain,conservative,0.1,12.819056781323159,1.0561678079800465,187.85714285714286
beijing_plain,conservative,0.2,13.245170663687736,0.9680420314158872,222.14285714285714
beijing_plain,conservative,0.3,13.622608885017618,0.7530194647097778,270.7142857142857
beijing_plain,conservative,0.4,13.914943374919373,0.6325638768216518,304.2857142857143
beijing_plain,conservative,0.5,14.024848296866775,0.6001290548963217,335.7142857142857
beijing_plain,conservative,0.6,14.067369114394632,0.49494190360470014,358.57142857142856
beijing_plain,conservative,0.7,13.79265948844868,1.1627348772714752,359.2857142857143
beijing_plain,conservative,0.8,14.071268160003358,0.9842655604501388,329.2857142857143
beijing_plain,conservative,0.9,13.662833412531725,2.0066676330989037,315.0
beijing_plain,moderate,0.1,13.052758576256588,0.8944319915572815,224.07532985153972
beijing_plain,moderate,0.2,13.517134870982341,0.6410721122332383,265.76143312867356
beijing_plain,moderate,0.3,13.823400297959255,0.5684445565608589,318.35708072037875
beijing_plain,moderate,0.4,14.101869915619845,0.45310244806240957,354.57437640648055
beijing_plain,moderate,0.5,14.34464104644353,0.3234817275004457,386.19622232091507
beijing_plain,moderate,0.6,14.251048461868512,0.7443216727850747,410.33198418551495
beijing_plain,moderate,0.7,13.933213088291343,1.542260544574725,418.2348926430922
beijing_plain,moderate,0.8,13.471469881829714,2.1832184504805876,405.8254651690244
beijing_plain,moderate,0.9,13.02658666153915,2.522144661130794,386.38957960569707
beijing_plain,aggressive,0.1,13.112658404590727,0.8809239222930723,334.4754841757114
beijing_plain,aggressive,0.2,13.579109095466594,0.6450202614853482,370.03646917107073
beijing_plain,aggressive,0.3,13.870432785615028,0.532116473368682,409.3697720735526
beijing_plain,aggressive,0.4,14.139049317369585,0.4289142680060995,436.86816764557796
beijing_plain,aggressive,0.5,14.334073781822994,0.3909234931090465,443.50783209299107
beijing_plain,aggressive,0.6,14.103160400805479,1.1470947867502646,450.0
beijing_plain,aggressive,0.7,13.757645797197323,1.9032668335832237,444.37796202383726
beijing_plain,aggressive,0.8,13.099954157590691,2.2508750760394194,439.3653829830827
beijing_plain,aggressive,0.9,13.075643015649446,2.6532185970619038,428.03573569399487
hebei_central,conservative,0.1,12.834354528112323,1.4849346230109892,205.71428571428572
hebei_central,conservative,0.2,13.61594547057602,1.1819272139111152,229.28571428571428
hebei_central,conservative,0.3,14.20695472463007,1.0579464773978273,288.57142857142856
hebei_central,conservative,0.4,14.69038787903351,0.6762404117101262,322.85714285714283
hebei_central,conservative,0.5,14.992382325646101,0.5117114710883998,357.14285714285717
hebei_central,conservative,0.6,14.858243340999833,1.0188124392780773,382.85714285714283
hebei_central,conservative,0.7,14.37799737905698,2.2834941186288025,395.0
hebei_central,conservative,0.8,14.616497907973738,1.1674896973978959,383.57142857142856
hebei_central,conservative,0.9,13.382650403332338,2.494718988158124,350.7142857142857
hebei_central,moderate,0.1,13.321822644033416,1.2686054332571481,242.76694257965488
hebei_central,moderate,0.2,14.010875212695613,1.0522752168904097,292.50164203187677
hebei_central,moderate,0.3,14.534664792415073,0.8747817509319187,337.4296762778573
hebei_central,moderate,0.4,14.93210029074649,0.7285269423962492,365.04587388970185
hebei_central,moderate,0.5,15.026137847101994,0.8331983929161767,395.9994955481713
hebei_central,moderate,0.6,14.914676666939217,1.467333482529002,398.0953609688122
hebei_central,moderate,0.7,14.55414764579684,2.6181356309384505,412.3506910608108
hebei_central,moderate,0.8,14.163887537472286,3.175681623401439,412.57767452846787
hebei_central,moderate,0.9,14.250083930658764,2.684254623311869,404.5164411140274
hebei_central,aggressive,0.1,13.36093181799588,1.2276462082628987,342.21023004577756
hebei_central,aggressive,0.2,14.204884271965073,0.8416753542977007,370.88536952255464
hebei_central,aggressive,0.3,14.639669610963127,0.7690414099002922,404.96418032468733
hebei_central,aggressive,0.4,14.896550073129594,0.7742839092992453,420.58229199496725
hebei_central,aggressive,0.5,14.92007482304974,1.1259668023208984,443.9426879942262
hebei_central,aggressive,0.6,14.747178231023208,1.8001031610528235,450.0
hebei_central,aggressive,0.7,14.242709276373343,2.7085674343535957,450.0
hebei_central,aggressive,0.8,13.988723690033854,3.0981494401869822,441.4406394552789
hebei_central,aggressive,0.9,12.611318532993078,3.6483653643278022,428.5834965981361
henan_north,conservative,0.1,14.009590612227141,2.6730676145006305,252.14285714285714
henan_north,conservative,0.2,14.435753359504329,2.9055048134727963,309.2857142857143
henan_north,conservative,0.3,15.074181033377084,2.8451025281604716,323.57142857142856
henan_north,conservative,0.4,15.951271230853466,2.26164042071085,348.57142857142856
henan_north,conservative,0.5,16.149474058608757,2.071062248200375,375.0
henan_north,conservative,0.6,15.942593251234545,2.702524465833437,384.2857142857143
henan_north,conservative,0.7,15.820737483425367,3.310766594054589,385.7142857142857
henan_north,conservative,0.8,15.246108067758678,3.569970362125804,377.85714285714283
henan_north,conservative,0.9,13.847384561200693,4.586687352548467,353.57142857142856
henan_north,moderate,0.1,14.262849530342152,2.619294073076707,322.5773312957237
henan_north,moderate,0.2,14.749962593989876,2.794341178494584,355.43449617166544
henan_north,moderate,0.3,15.346230688704512,2.7882707730535263,371.5640907283849
henan_north,moderate,0.4,16.179451172903317,2.3885745722114464,407.34065887849647
henan_north,moderate,0.5,16.19624262555994,2.3800078328207097,417.1605574667905
henan_north,moderate,0.6,15.564514987969037,3.0951781332497004,423.5305574667905
henan_north,moderate,0.7,14.843397024660106,3.5794929783898906,425.38248722169374
henan_north,moderate,0.8,15.066737424710459,3.851999654398725,412.3049711998061
henan_north,moderate,0.9,13.943634958091616,4.176797694362321,382.7042691190477
henan_north,aggressive,0.1,14.3005761111266,2.6068040728425674,388.7961134971637
henan_north,aggressive,0.2,14.77900622983652,2.8481468101457867,408.5665205151877
henan_north,aggressive,0.3,15.326317026494781,2.8400452710132496,433.1303911170009
henan_north,aggressive,0.4,15.99214833765159,2.5212303475616777,443.794405617388
henan_north,aggressive,0.5,15.94733809999907,2.9210920115938035,450.0
henan_north,aggressive,0.6,15.366024386206359,3.515956524852532,443.57142857142856
henan_north,aggressive,0.7,14.901667193291255,3.6653092611087033,437.14285714285717
henan_north,aggressive,0.8,13.988954548638185,3.877380879288339,430.7142857142857
henan_north,aggressive,0.9,13.198254335051617,4.360513014401448,418.02878672063486
shaanxi_guanzhong,conservative,0.1,16.019258098033863,0.28027720327870903,105.71428571428571
shaanxi_guanzhong,conservative,0.2,16.015934985963625,0.28236791410162,103.57142857142857
shaanxi_guanzhong,conservative,0.3,16.015934985963625,0.28236791410162,103.57142857142857
shaanxi_guanzhong,conservative,0.4,16.015934985963625,0.28236791410162,103.57142857142857
shaanxi_guanzhong,conservative,0.5,16.015934985963625,0.28236791410162,103.57142857142857
shaanxi_guanzhong,conservative,0.6,16.015934985963625,0.28236791410162,103.57142857142857
shaanxi_guanzhong,conservative,0.7,16.015351552016377,0.28248574628876366,93.57142857142857
shaanxi_guanzhong,conservative,0.8,15.666651875514495,0.5017407349599741,74.28571428571429
shaanxi_guanzhong,conservative,0.9,14.80240321680093,1.5512737693259835,54.285714285714285
shaanxi_guanzhong,moderate,0.1,16.257552995243056,0.34987004739179234,167.11703703648826
shaanxi_guanzhong,moderate,0.2,16.251362181217168,0.35230229039647926,191.40132275077394
shaanxi_guanzhong,moderate,0.3,16.25467025759123,0.35138416054885246,187.11560846505967
shaanxi_guanzhong,moderate,0.4,16.25467025759123,0.35138416054885246,187.11560846505967
shaanxi_guanzhong,moderate,0.5,16.25467025759123,0.35138416054885246,184.2400705910401
shaanxi_guanzhong,moderate,0.6,16.247156649952423,0.34022208999129544,165.86393648383174
shaanxi_guanzhong,moderate,0.7,16.021533396294185,0.2654053518462419,146.57822219811743
shaanxi_guanzhong,moderate,0.8,15.324399187280195,0.9609860092242066,122.29250791240315
shaanxi_guanzhong,moderate,0.9,14.817239358271822,1.5846457562433598,92.14285714285714
shaanxi_guanzhong,aggressive,0.1,16.322633545460143,0.3751258124939996,259.671894958873
shaanxi_guanzhong,aggressive,0.2,16.317654936285525,0.3665193528762317,278.125867309102
shaanxi_guanzhong,aggressive,0.3,16.317706604116445,0.36653029480273247,296.18343412519374
shaanxi_guanzhong,aggressive,0.4,16.31780284038854,0.366497238947645,279.8710441257864
shaanxi_guanzhong,aggressive,0.5,16.31779820571345,0.3664956791771034,267.01390126864356
shaanxi_guanzhong,aggressive,0.6,16.213338648548206,0.37959201967032163,252.30309039506943
shaanxi_guanzhong,aggressive,0.7,15.822021681289412,0.8963507615633487,227.10657306438253
shaanxi_guanzhong,aggressive,0.8,15.530045369381067,1.2719389383826165,191.28943059250363
shaanxi_guanzhong,aggressive,0.9,15.158464949369243,1.7576305663876204,150.1446783415129
