original_path,new_path,sha256,generating_script,reason,usable_for_paper
data/processed/baseline_experiment_results.csv,data/processed/invalidated/legacy_v1/baseline_experiment_results.csv,d5317de04d9b1dbeb3571b1e93aed70a35b143b88711387fc61a73103ef4f182,src/sim/experiment.py,"single-season prototype: each crop simulated in isolation starting near field capacity, no rotation chain / annual quota / fallow bridge; invalidated by the system upgrade (docs/系统升级方案.md) and audit-v2 fixes (P0-1/P0-2); prototype only, not for final claims",no
data/processed/baseline_strategy_summary.csv,data/processed/invalidated/legacy_v1/baseline_strategy_summary.csv,d162fcbb35b1aaef139faa0d2406ad538701cb4cab9cd4bafd0bff689d3c088f,src/sim/experiment.py,"single-season prototype: each crop simulated in isolation starting near field capacity, no rotation chain / annual quota / fallow bridge; invalidated by the system upgrade (docs/系统升级方案.md) and audit-v2 fixes (P0-1/P0-2); prototype only, not for final claims",no
data/processed/rl_vs_baselines_comparison.csv,data/processed/invalidated/legacy_v1/rl_vs_baselines_comparison.csv,7a1addf97f96b98f58f8a2214a177ca7df481e16265f7de1ee1a25c1a5353e52,src/rl/train_ppo.py + src/rl/evaluate_policy.py,"single-season prototype: each crop simulated in isolation starting near field capacity, no rotation chain / annual quota / fallow bridge; invalidated by the system upgrade (docs/系统升级方案.md) and audit-v2 fixes (P0-1/P0-2); prototype only, not for final claims",no
data/processed/leave_one_out_transfer.csv,data/processed/invalidated/legacy_v1/leave_one_out_transfer.csv,715136444f71bb40c44749bcaef6aee6963eaa644a9fd5f434a4a4cd2c4da5b3,src/transfer/leave_one_out.py,"single-season prototype: each crop simulated in isolation starting near field capacity, no rotation chain / annual quota / fallow bridge; invalidated by the system upgrade (docs/系统升级方案.md) and audit-v2 fixes (P0-1/P0-2); prototype only, not for final claims",no
data/processed/instance_weighted_transfer.csv,data/processed/invalidated/legacy_v1/instance_weighted_transfer.csv,5d94726a7bba47170b963f15b9234e135609c2edcb612393949a527786452421,src/transfer/instance_weighted.py,"single-season prototype: each crop simulated in isolation starting near field capacity, no rotation chain / annual quota / fallow bridge; invalidated by the system upgrade (docs/系统升级方案.md) and audit-v2 fixes (P0-1/P0-2); prototype only, not for final claims",no
data/processed/ppo_irrigation_final.zip,data/processed/invalidated/legacy_v1/ppo_irrigation_final.zip,5a538bb6962fd970a6513d23a84da2a0bca8edfb877ddd6e07fa073a2f5151bb,src/rl/train_ppo.py,"single-season prototype: each crop simulated in isolation starting near field capacity, no rotation chain / annual quota / fallow bridge; invalidated by the system upgrade (docs/系统升级方案.md) and audit-v2 fixes (P0-1/P0-2); prototype only, not for final claims",no
data/processed/ppo_irrigation_v2_final.zip,data/processed/invalidated/legacy_v1/ppo_irrigation_v2_final.zip,0dc0319424f538e843d7e4c57b1dbca4340c03dd7a4b4558bba6da392d39cf27,src/rl/train_ppo.py,"single-season prototype: each crop simulated in isolation starting near field capacity, no rotation chain / annual quota / fallow bridge; invalidated by the system upgrade (docs/系统升级方案.md) and audit-v2 fixes (P0-1/P0-2); prototype only, not for final claims",no
data/processed/ppo_irrigation_v2_final_vecnormalize.pkl,data/processed/invalidated/legacy_v1/ppo_irrigation_v2_final_vecnormalize.pkl,15bef295596570765f40c74f7f2ed508ca118c4875daafdfd83fd56315eae9e7,src/rl/train_ppo.py,"single-season prototype: each crop simulated in isolation starting near field capacity, no rotation chain / annual quota / fallow bridge; invalidated by the system upgrade (docs/系统升级方案.md) and audit-v2 fixes (P0-1/P0-2); prototype only, not for final claims",no
data/processed/ppo_learning_curve.csv,data/processed/invalidated/legacy_v1/ppo_learning_curve.csv,19a6517c6e58be4d4bc59309247b06ccc4a83272d22473bac5013a472734ba27,src/rl/reconstruct_learning_curve.py,"single-season prototype: each crop simulated in isolation starting near field capacity, no rotation chain / annual quota / fallow bridge; invalidated by the system upgrade (docs/系统升级方案.md) and audit-v2 fixes (P0-1/P0-2); prototype only, not for final claims",no
data/processed/pareto_front_beijing_plain_loam.csv,data/processed/invalidated/legacy_v1/pareto_front_beijing_plain_loam.csv,1039fdb6306824b4bd3efd52f1fc5b390b4c0230b1472aaf5e8d545ceaa83e36,src/sim/optimize_nsga2.py,"single-season prototype: each crop simulated in isolation starting near field capacity, no rotation chain / annual quota / fallow bridge; invalidated by the system upgrade (docs/系统升级方案.md) and audit-v2 fixes (P0-1/P0-2); prototype only, not for final claims",no
data/processed/pareto_front_hebei_central_loam.csv,data/processed/invalidated/legacy_v1/pareto_front_hebei_central_loam.csv,f665a51554c972c06fca8e2b8091bb5b62970a13b52928e422d8b64842949300,src/sim/optimize_nsga2.py,"single-season prototype: each crop simulated in isolation starting near field capacity, no rotation chain / annual quota / fallow bridge; invalidated by the system upgrade (docs/系统升级方案.md) and audit-v2 fixes (P0-1/P0-2); prototype only, not for final claims",no
data/processed/pareto_front_henan_north_loam.csv,data/processed/invalidated/legacy_v1/pareto_front_henan_north_loam.csv,c4f6f24f785558d30d9d2c51c4b7e8b3197067b669c1e85e70049d62f9b027bb,src/sim/optimize_nsga2.py,"single-season prototype: each crop simulated in isolation starting near field capacity, no rotation chain / annual quota / fallow bridge; invalidated by the system upgrade (docs/系统升级方案.md) and audit-v2 fixes (P0-1/P0-2); prototype only, not for final claims",no
data/processed/pareto_front_ningxia_irrigation_loam.csv,data/processed/invalidated/legacy_v1/pareto_front_ningxia_irrigation_loam.csv,30b9aee9df19e36b770beb730a69b7bb6c9643c9e004388dbba79de9aeedd590,src/sim/optimize_nsga2.py,"single-season prototype: each crop simulated in isolation starting near field capacity, no rotation chain / annual quota / fallow bridge; invalidated by the system upgrade (docs/系统升级方案.md) and audit-v2 fixes (P0-1/P0-2); prototype only, not for final claims",no
data/processed/pareto_front_shaanxi_guanzhong_loam.csv,data/processed/invalidated/legacy_v1/pareto_front_shaanxi_guanzhong_loam.csv,4fce2662388b131124d48207f26b8935b541fed4724d271f4ef1257199127953,src/sim/optimize_nsga2.py,"single-season prototype: each crop simulated in isolation starting near field capacity, no rotation chain / annual quota / fallow bridge; invalidated by the system upgrade (docs/系统升级方案.md) and audit-v2 fixes (P0-1/P0-2); prototype only, not for final claims",no
data/processed/transfer_source_excl_beijing_plain_final.zip,data/processed/invalidated/legacy_v1/transfer_source_excl_beijing_plain_final.zip,c691e66a31b24dd683dfc89e578add9e60832bfdc2fb27758ea64613a9c15941,src/transfer/leave_one_out.py,"single-season prototype: each crop simulated in isolation starting near field capacity, no rotation chain / annual quota / fallow bridge; invalidated by the system upgrade (docs/系统升级方案.md) and audit-v2 fixes (P0-1/P0-2); prototype only, not for final claims",no
data/processed/transfer_source_excl_beijing_plain_final_vecnormalize.pkl,data/processed/invalidated/legacy_v1/transfer_source_excl_beijing_plain_final_vecnormalize.pkl,bd9d56029a6029af0dbb466ebd46c7c153c9ebfc4390dc9479bad4823ec67309,src/transfer/leave_one_out.py,"single-season prototype: each crop simulated in isolation starting near field capacity, no rotation chain / annual quota / fallow bridge; invalidated by the system upgrade (docs/系统升级方案.md) and audit-v2 fixes (P0-1/P0-2); prototype only, not for final claims",no
data/processed/transfer_source_excl_hebei_central_final.zip,data/processed/invalidated/legacy_v1/transfer_source_excl_hebei_central_final.zip,103631128b0a7e1928c00023e483773467a4098779c5e03c99617ff8ec143c06,src/transfer/leave_one_out.py,"single-season prototype: each crop simulated in isolation starting near field capacity, no rotation chain / annual quota / fallow bridge; invalidated by the system upgrade (docs/系统升级方案.md) and audit-v2 fixes (P0-1/P0-2); prototype only, not for final claims",no
data/processed/transfer_source_excl_hebei_central_final_vecnormalize.pkl,data/processed/invalidated/legacy_v1/transfer_source_excl_hebei_central_final_vecnormalize.pkl,a9a4dde008a335b121c05d32cfa4733bbec91cde8ae95ea5858d7b0cec5b0c35,src/transfer/leave_one_out.py,"single-season prototype: each crop simulated in isolation starting near field capacity, no rotation chain / annual quota / fallow bridge; invalidated by the system upgrade (docs/系统升级方案.md) and audit-v2 fixes (P0-1/P0-2); prototype only, not for final claims",no
data/processed/transfer_source_excl_henan_north_final.zip,data/processed/invalidated/legacy_v1/transfer_source_excl_henan_north_final.zip,d883a2bac071345c667ea8e8e29822da18b43eec722ccc09db27a8394a1a63e2,src/transfer/leave_one_out.py,"single-season prototype: each crop simulated in isolation starting near field capacity, no rotation chain / annual quota / fallow bridge; invalidated by the system upgrade (docs/系统升级方案.md) and audit-v2 fixes (P0-1/P0-2); prototype only, not for final claims",no
data/processed/transfer_source_excl_henan_north_final_vecnormalize.pkl,data/processed/invalidated/legacy_v1/transfer_source_excl_henan_north_final_vecnormalize.pkl,6be5639a74f65ad6218dbc0b2e670316efa0a2c697c8ac8023656ca848cd02a5,src/transfer/leave_one_out.py,"single-season prototype: each crop simulated in isolation starting near field capacity, no rotation chain / annual quota / fallow bridge; invalidated by the system upgrade (docs/系统升级方案.md) and audit-v2 fixes (P0-1/P0-2); prototype only, not for final claims",no
data/processed/transfer_source_excl_ningxia_irrigation_final.zip,data/processed/invalidated/legacy_v1/transfer_source_excl_ningxia_irrigation_final.zip,39299efa30a28ab113102137aa4fb57d9e94416951fbd5c4cc579e1e0f50c0b3,src/transfer/leave_one_out.py,"single-season prototype: each crop simulated in isolation starting near field capacity, no rotation chain / annual quota / fallow bridge; invalidated by the system upgrade (docs/系统升级方案.md) and audit-v2 fixes (P0-1/P0-2); prototype only, not for final claims",no
data/processed/transfer_source_excl_ningxia_irrigation_final_vecnormalize.pkl,data/processed/invalidated/legacy_v1/transfer_source_excl_ningxia_irrigation_final_vecnormalize.pkl,94ecc3fa5880219facca8d6689f4472c8f215e0088f32f3c4be2db51c375e85a,src/transfer/leave_one_out.py,"single-season prototype: each crop simulated in isolation starting near field capacity, no rotation chain / annual quota / fallow bridge; invalidated by the system upgrade (docs/系统升级方案.md) and audit-v2 fixes (P0-1/P0-2); prototype only, not for final claims",no
data/processed/transfer_source_excl_shaanxi_guanzhong_final.zip,data/processed/invalidated/legacy_v1/transfer_source_excl_shaanxi_guanzhong_final.zip,6fa07e73c389f8d982b551ba7e6db4245542c420e3fe12ff355774faa8b7ab0b,src/transfer/leave_one_out.py,"single-season prototype: each crop simulated in isolation starting near field capacity, no rotation chain / annual quota / fallow bridge; invalidated by the system upgrade (docs/系统升级方案.md) and audit-v2 fixes (P0-1/P0-2); prototype only, not for final claims",no
data/processed/transfer_source_excl_shaanxi_guanzhong_final_vecnormalize.pkl,data/processed/invalidated/legacy_v1/transfer_source_excl_shaanxi_guanzhong_final_vecnormalize.pkl,8ee886b999f793b1fdefb574ff35e7351638793091e6e2909eed490995661bc2,src/transfer/leave_one_out.py,"single-season prototype: each crop simulated in isolation starting near field capacity, no rotation chain / annual quota / fallow bridge; invalidated by the system upgrade (docs/系统升级方案.md) and audit-v2 fixes (P0-1/P0-2); prototype only, not for final claims",no
data/processed/transfer_finetuned_beijing_plain_final.zip,data/processed/invalidated/legacy_v1/transfer_finetuned_beijing_plain_final.zip,3a449424505ae697a5a007ff45bf583a78c0731382bcee7d20c17e396ec0415b,src/transfer/leave_one_out.py,"single-season prototype: each crop simulated in isolation starting near field capacity, no rotation chain / annual quota / fallow bridge; invalidated by the system upgrade (docs/系统升级方案.md) and audit-v2 fixes (P0-1/P0-2); prototype only, not for final claims",no
data/processed/transfer_finetuned_beijing_plain_final_vecnormalize.pkl,data/processed/invalidated/legacy_v1/transfer_finetuned_beijing_plain_final_vecnormalize.pkl,e6c63b99ac10b0f402f67e5b022f2e4dab575994924fdb6d23c65794d50dc58e,src/transfer/leave_one_out.py,"single-season prototype: each crop simulated in isolation starting near field capacity, no rotation chain / annual quota / fallow bridge; invalidated by the system upgrade (docs/系统升级方案.md) and audit-v2 fixes (P0-1/P0-2); prototype only, not for final claims",no
data/processed/transfer_finetuned_hebei_central_final.zip,data/processed/invalidated/legacy_v1/transfer_finetuned_hebei_central_final.zip,b96a430bb73467a18ba20a1d467ca50ee8131358855ba2b4f1bb4d8bf3ed7200,src/transfer/leave_one_out.py,"single-season prototype: each crop simulated in isolation starting near field capacity, no rotation chain / annual quota / fallow bridge; invalidated by the system upgrade (docs/系统升级方案.md) and audit-v2 fixes (P0-1/P0-2); prototype only, not for final claims",no
data/processed/transfer_finetuned_hebei_central_final_vecnormalize.pkl,data/processed/invalidated/legacy_v1/transfer_finetuned_hebei_central_final_vecnormalize.pkl,317dba5baa7d4c3f32b96116370cb1ddac88512bf1ba30508e52d2f53db7bc10,src/transfer/leave_one_out.py,"single-season prototype: each crop simulated in isolation starting near field capacity, no rotation chain / annual quota / fallow bridge; invalidated by the system upgrade (docs/系统升级方案.md) and audit-v2 fixes (P0-1/P0-2); prototype only, not for final claims",no
data/processed/transfer_finetuned_henan_north_final.zip,data/processed/invalidated/legacy_v1/transfer_finetuned_henan_north_final.zip,3067f1fa0472eca2f5cc59f76500b5c29891b9e4b1853232999d8108c1aa9941,src/transfer/leave_one_out.py,"single-season prototype: each crop simulated in isolation starting near field capacity, no rotation chain / annual quota / fallow bridge; invalidated by the system upgrade (docs/系统升级方案.md) and audit-v2 fixes (P0-1/P0-2); prototype only, not for final claims",no
data/processed/transfer_finetuned_henan_north_final_vecnormalize.pkl,data/processed/invalidated/legacy_v1/transfer_finetuned_henan_north_final_vecnormalize.pkl,b60e3857a7ec68b9ed144b4e444709d40c9d84f7f8e49ac97693fad7e909f747,src/transfer/leave_one_out.py,"single-season prototype: each crop simulated in isolation starting near field capacity, no rotation chain / annual quota / fallow bridge; invalidated by the system upgrade (docs/系统升级方案.md) and audit-v2 fixes (P0-1/P0-2); prototype only, not for final claims",no
data/processed/transfer_finetuned_ningxia_irrigation_final.zip,data/processed/invalidated/legacy_v1/transfer_finetuned_ningxia_irrigation_final.zip,236a4166d28bbcd301f034c0356eb50fba811e859d6562ae5f08085db7318070,src/transfer/leave_one_out.py,"single-season prototype: each crop simulated in isolation starting near field capacity, no rotation chain / annual quota / fallow bridge; invalidated by the system upgrade (docs/系统升级方案.md) and audit-v2 fixes (P0-1/P0-2); prototype only, not for final claims",no
data/processed/transfer_finetuned_ningxia_irrigation_final_vecnormalize.pkl,data/processed/invalidated/legacy_v1/transfer_finetuned_ningxia_irrigation_final_vecnormalize.pkl,5e2da972a858a22482dd48a0ef48f3bd0c3f67af5e80047676a1221dd9701fa2,src/transfer/leave_one_out.py,"single-season prototype: each crop simulated in isolation starting near field capacity, no rotation chain / annual quota / fallow bridge; invalidated by the system upgrade (docs/系统升级方案.md) and audit-v2 fixes (P0-1/P0-2); prototype only, not for final claims",no
data/processed/transfer_finetuned_shaanxi_guanzhong_final.zip,data/processed/invalidated/legacy_v1/transfer_finetuned_shaanxi_guanzhong_final.zip,2000563b01cc0639e9a6464cf84cfc11244e94294abf305e93da82697f5bee42,src/transfer/leave_one_out.py,"single-season prototype: each crop simulated in isolation starting near field capacity, no rotation chain / annual quota / fallow bridge; invalidated by the system upgrade (docs/系统升级方案.md) and audit-v2 fixes (P0-1/P0-2); prototype only, not for final claims",no
data/processed/transfer_finetuned_shaanxi_guanzhong_final_vecnormalize.pkl,data/processed/invalidated/legacy_v1/transfer_finetuned_shaanxi_guanzhong_final_vecnormalize.pkl,f4fce3b8ef480eea8dde7ce133abee2b0cfb23759b43dd815e0adbd8be483302,src/transfer/leave_one_out.py,"single-season prototype: each crop simulated in isolation starting near field capacity, no rotation chain / annual quota / fallow bridge; invalidated by the system upgrade (docs/系统升级方案.md) and audit-v2 fixes (P0-1/P0-2); prototype only, not for final claims",no
data/processed/transfer_weighted_excl_beijing_plain_final.zip,data/processed/invalidated/legacy_v1/transfer_weighted_excl_beijing_plain_final.zip,cfb54593b1c4fd186346a92bcc88723ba686c071d7c4c44688507a45f1c3d26d,src/transfer/instance_weighted.py,"single-season prototype: each crop simulated in isolation starting near field capacity, no rotation chain / annual quota / fallow bridge; invalidated by the system upgrade (docs/系统升级方案.md) and audit-v2 fixes (P0-1/P0-2); prototype only, not for final claims",no
data/processed/transfer_weighted_excl_beijing_plain_final_vecnormalize.pkl,data/processed/invalidated/legacy_v1/transfer_weighted_excl_beijing_plain_final_vecnormalize.pkl,f2f9d4b7c7cdc487ed7f2583b1e9a59d88a863f174bd5e5bfd8f03cff69ac239,src/transfer/instance_weighted.py,"single-season prototype: each crop simulated in isolation starting near field capacity, no rotation chain / annual quota / fallow bridge; invalidated by the system upgrade (docs/系统升级方案.md) and audit-v2 fixes (P0-1/P0-2); prototype only, not for final claims",no
data/processed/transfer_weighted_excl_hebei_central_final.zip,data/processed/invalidated/legacy_v1/transfer_weighted_excl_hebei_central_final.zip,d5e1e1b9be6bc6f31fbdc61e4a9d142d3e9ec435bd95b695e7e6476592716ca9,src/transfer/instance_weighted.py,"single-season prototype: each crop simulated in isolation starting near field capacity, no rotation chain / annual quota / fallow bridge; invalidated by the system upgrade (docs/系统升级方案.md) and audit-v2 fixes (P0-1/P0-2); prototype only, not for final claims",no
data/processed/transfer_weighted_excl_hebei_central_final_vecnormalize.pkl,data/processed/invalidated/legacy_v1/transfer_weighted_excl_hebei_central_final_vecnormalize.pkl,377c5fb740793f5ca92f77fd9a4728a714a6dd646591442c2f34ab0ec4b49a51,src/transfer/instance_weighted.py,"single-season prototype: each crop simulated in isolation starting near field capacity, no rotation chain / annual quota / fallow bridge; invalidated by the system upgrade (docs/系统升级方案.md) and audit-v2 fixes (P0-1/P0-2); prototype only, not for final claims",no
data/processed/transfer_weighted_excl_henan_north_final.zip,data/processed/invalidated/legacy_v1/transfer_weighted_excl_henan_north_final.zip,2e2e4c4d5e77d03c16cb066c5a299e1ad63fbbd692a99ca1200b9df705176fcc,src/transfer/instance_weighted.py,"single-season prototype: each crop simulated in isolation starting near field capacity, no rotation chain / annual quota / fallow bridge; invalidated by the system upgrade (docs/系统升级方案.md) and audit-v2 fixes (P0-1/P0-2); prototype only, not for final claims",no
data/processed/transfer_weighted_excl_henan_north_final_vecnormalize.pkl,data/processed/invalidated/legacy_v1/transfer_weighted_excl_henan_north_final_vecnormalize.pkl,3704262fc3406fbc314d219c854b691217185eac9b14d400a405ed3c9d5889b4,src/transfer/instance_weighted.py,"single-season prototype: each crop simulated in isolation starting near field capacity, no rotation chain / annual quota / fallow bridge; invalidated by the system upgrade (docs/系统升级方案.md) and audit-v2 fixes (P0-1/P0-2); prototype only, not for final claims",no
data/processed/transfer_weighted_excl_ningxia_irrigation_final.zip,data/processed/invalidated/legacy_v1/transfer_weighted_excl_ningxia_irrigation_final.zip,5533d4b9cabd906d8b7857cea53cb3564081fea9ad0cec11338da1b4664e20de,src/transfer/instance_weighted.py,"single-season prototype: each crop simulated in isolation starting near field capacity, no rotation chain / annual quota / fallow bridge; invalidated by the system upgrade (docs/系统升级方案.md) and audit-v2 fixes (P0-1/P0-2); prototype only, not for final claims",no
data/processed/transfer_weighted_excl_ningxia_irrigation_final_vecnormalize.pkl,data/processed/invalidated/legacy_v1/transfer_weighted_excl_ningxia_irrigation_final_vecnormalize.pkl,df7000adb43f0aeff60cad79f385a943736bae9c7ff6fd9fc9ea119c1662d694,src/transfer/instance_weighted.py,"single-season prototype: each crop simulated in isolation starting near field capacity, no rotation chain / annual quota / fallow bridge; invalidated by the system upgrade (docs/系统升级方案.md) and audit-v2 fixes (P0-1/P0-2); prototype only, not for final claims",no
data/processed/transfer_weighted_excl_shaanxi_guanzhong_final.zip,data/processed/invalidated/legacy_v1/transfer_weighted_excl_shaanxi_guanzhong_final.zip,6d7a38b61df2b6ec3b20e3f0e406e1068b9e74ca52ff5151cf72029fa6c7857c,src/transfer/instance_weighted.py,"single-season prototype: each crop simulated in isolation starting near field capacity, no rotation chain / annual quota / fallow bridge; invalidated by the system upgrade (docs/系统升级方案.md) and audit-v2 fixes (P0-1/P0-2); prototype only, not for final claims",no
data/processed/transfer_weighted_excl_shaanxi_guanzhong_final_vecnormalize.pkl,data/processed/invalidated/legacy_v1/transfer_weighted_excl_shaanxi_guanzhong_final_vecnormalize.pkl,5d20b2ba2e3e731c7b6ab3704e6a6e929dc54dff95f8df7bc0f800b70da2699a,src/transfer/instance_weighted.py,"single-season prototype: each crop simulated in isolation starting near field capacity, no rotation chain / annual quota / fallow bridge; invalidated by the system upgrade (docs/系统升级方案.md) and audit-v2 fixes (P0-1/P0-2); prototype only, not for final claims",no
data/processed/ppo_checkpoints/ppo_irrigation_1000000_steps.zip,data/processed/invalidated/legacy_v1/ppo_checkpoints/ppo_irrigation_1000000_steps.zip,b02ea9d946fb1beaa656eecf2dd5c51751b0d2a5d0abba783794d3cc307eed8c,src/rl/train_ppo.py,"single-season prototype: each crop simulated in isolation starting near field capacity, no rotation chain / annual quota / fallow bridge; invalidated by the system upgrade (docs/系统升级方案.md) and audit-v2 fixes (P0-1/P0-2); prototype only, not for final claims",no
data/processed/ppo_checkpoints/ppo_irrigation_100000_steps.zip,data/processed/invalidated/legacy_v1/ppo_checkpoints/ppo_irrigation_100000_steps.zip,6f6aaea033ad14c23db3c122d8cec731738c7916cd634f4d1d72ca6330076195,src/rl/train_ppo.py,"single-season prototype: each crop simulated in isolation starting near field capacity, no rotation chain / annual quota / fallow bridge; invalidated by the system upgrade (docs/系统升级方案.md) and audit-v2 fixes (P0-1/P0-2); prototype only, not for final claims",no
data/processed/ppo_checkpoints/ppo_irrigation_150000_steps.zip,data/processed/invalidated/legacy_v1/ppo_checkpoints/ppo_irrigation_150000_steps.zip,342cc5eb2f42bd7e41b65622a2813a683ce133bb1719e61004ab4dcd0dc4bd8b,src/rl/train_ppo.py,"single-season prototype: each crop simulated in isolation starting near field capacity, no rotation chain / annual quota / fallow bridge; invalidated by the system upgrade (docs/系统升级方案.md) and audit-v2 fixes (P0-1/P0-2); prototype only, not for final claims",no
data/processed/ppo_checkpoints/ppo_irrigation_200000_steps.zip,data/processed/invalidated/legacy_v1/ppo_checkpoints/ppo_irrigation_200000_steps.zip,2dd996d29b0a0fa32a2364af5e0416a69f96d6bdecc83b2a12ee7a1597df6b15,src/rl/train_ppo.py,"single-season prototype: each crop simulated in isolation starting near field capacity, no rotation chain / annual quota / fallow bridge; invalidated by the system upgrade (docs/系统升级方案.md) and audit-v2 fixes (P0-1/P0-2); prototype only, not for final claims",no
data/processed/ppo_checkpoints/ppo_irrigation_250000_steps.zip,data/processed/invalidated/legacy_v1/ppo_checkpoints/ppo_irrigation_250000_steps.zip,373374e22fdc200d4e3eff66f3de6f97ea182d8ce04c258554405642ab2bec55,src/rl/train_ppo.py,"single-season prototype: each crop simulated in isolation starting near field capacity, no rotation chain / annual quota / fallow bridge; invalidated by the system upgrade (docs/系统升级方案.md) and audit-v2 fixes (P0-1/P0-2); prototype only, not for final claims",no
data/processed/ppo_checkpoints/ppo_irrigation_300000_steps.zip,data/processed/invalidated/legacy_v1/ppo_checkpoints/ppo_irrigation_300000_steps.zip,4ea2459feade33d6c2c07600f8c2793fd1901b3df0ee771646bdfc0bd8fe4e27,src/rl/train_ppo.py,"single-season prototype: each crop simulated in isolation starting near field capacity, no rotation chain / annual quota / fallow bridge; invalidated by the system upgrade (docs/系统升级方案.md) and audit-v2 fixes (P0-1/P0-2); prototype only, not for final claims",no
data/processed/ppo_checkpoints/ppo_irrigation_350000_steps.zip,data/processed/invalidated/legacy_v1/ppo_checkpoints/ppo_irrigation_350000_steps.zip,bb2ae849ff49140ae3c213012400b3c64303733dd4bd38cd689bd80843e10cdc,src/rl/train_ppo.py,"single-season prototype: each crop simulated in isolation starting near field capacity, no rotation chain / annual quota / fallow bridge; invalidated by the system upgrade (docs/系统升级方案.md) and audit-v2 fixes (P0-1/P0-2); prototype only, not for final claims",no
data/processed/ppo_checkpoints/ppo_irrigation_400000_steps.zip,data/processed/invalidated/legacy_v1/ppo_checkpoints/ppo_irrigation_400000_steps.zip,7f98153508903ca766edadec37e3c1c3a07c879c73a3ecebd37fd143f5109cb1,src/rl/train_ppo.py,"single-season prototype: each crop simulated in isolation starting near field capacity, no rotation chain / annual quota / fallow bridge; invalidated by the system upgrade (docs/系统升级方案.md) and audit-v2 fixes (P0-1/P0-2); prototype only, not for final claims",no
data/processed/ppo_checkpoints/ppo_irrigation_450000_steps.zip,data/processed/invalidated/legacy_v1/ppo_checkpoints/ppo_irrigation_450000_steps.zip,89381f901da9f3c713dfa0fb14d46cef41b601991ef84a91f6acade6f3dafc3b,src/rl/train_ppo.py,"single-season prototype: each crop simulated in isolation starting near field capacity, no rotation chain / annual quota / fallow bridge; invalidated by the system upgrade (docs/系统升级方案.md) and audit-v2 fixes (P0-1/P0-2); prototype only, not for final claims",no
data/processed/ppo_checkpoints/ppo_irrigation_500000_steps.zip,data/processed/invalidated/legacy_v1/ppo_checkpoints/ppo_irrigation_500000_steps.zip,ce17ffc5b62c8ce91a8ef95bd7d0bebbb2774a3b7212ae90e896790d50f96c5a,src/rl/train_ppo.py,"single-season prototype: each crop simulated in isolation starting near field capacity, no rotation chain / annual quota / fallow bridge; invalidated by the system upgrade (docs/系统升级方案.md) and audit-v2 fixes (P0-1/P0-2); prototype only, not for final claims",no
data/processed/ppo_checkpoints/ppo_irrigation_50000_steps.zip,data/processed/invalidated/legacy_v1/ppo_checkpoints/ppo_irrigation_50000_steps.zip,29464201f61b677fd854891f7ae958d09df8553c38ce084627cc83c7f5c740d5,src/rl/train_ppo.py,"single-season prototype: each crop simulated in isolation starting near field capacity, no rotation chain / annual quota / fallow bridge; invalidated by the system upgrade (docs/系统升级方案.md) and audit-v2 fixes (P0-1/P0-2); prototype only, not for final claims",no
data/processed/ppo_checkpoints/ppo_irrigation_550000_steps.zip,data/processed/invalidated/legacy_v1/ppo_checkpoints/ppo_irrigation_550000_steps.zip,4e48b2b06f1e62b819baa64aad441080efcb0359a1636f34b3eb77d9a15369c6,src/rl/train_ppo.py,"single-season prototype: each crop simulated in isolation starting near field capacity, no rotation chain / annual quota / fallow bridge; invalidated by the system upgrade (docs/系统升级方案.md) and audit-v2 fixes (P0-1/P0-2); prototype only, not for final claims",no
data/processed/ppo_checkpoints/ppo_irrigation_600000_steps.zip,data/processed/invalidated/legacy_v1/ppo_checkpoints/ppo_irrigation_600000_steps.zip,8f868ded108413bb3ebe2a8d4e4039235020cd7659795d5d668016c588e42019,src/rl/train_ppo.py,"single-season prototype: each crop simulated in isolation starting near field capacity, no rotation chain / annual quota / fallow bridge; invalidated by the system upgrade (docs/系统升级方案.md) and audit-v2 fixes (P0-1/P0-2); prototype only, not for final claims",no
data/processed/ppo_checkpoints/ppo_irrigation_650000_steps.zip,data/processed/invalidated/legacy_v1/ppo_checkpoints/ppo_irrigation_650000_steps.zip,8a14335552958bdbfad480c8dec8292333add3cf2870bdcd6c23a08972a60d96,src/rl/train_ppo.py,"single-season prototype: each crop simulated in isolation starting near field capacity, no rotation chain / annual quota / fallow bridge; invalidated by the system upgrade (docs/系统升级方案.md) and audit-v2 fixes (P0-1/P0-2); prototype only, not for final claims",no
data/processed/ppo_checkpoints/ppo_irrigation_700000_steps.zip,data/processed/invalidated/legacy_v1/ppo_checkpoints/ppo_irrigation_700000_steps.zip,370785c243c3f0f447a1b960f09b086105fd935582be77323ef58faf012eaff7,src/rl/train_ppo.py,"single-season prototype: each crop simulated in isolation starting near field capacity, no rotation chain / annual quota / fallow bridge; invalidated by the system upgrade (docs/系统升级方案.md) and audit-v2 fixes (P0-1/P0-2); prototype only, not for final claims",no
data/processed/ppo_checkpoints/ppo_irrigation_750000_steps.zip,data/processed/invalidated/legacy_v1/ppo_checkpoints/ppo_irrigation_750000_steps.zip,0f339f8c2a1c47b6e74f0bdabfc73de3b87a857131b805897eac8e21ad92f91c,src/rl/train_ppo.py,"single-season prototype: each crop simulated in isolation starting near field capacity, no rotation chain / annual quota / fallow bridge; invalidated by the system upgrade (docs/系统升级方案.md) and audit-v2 fixes (P0-1/P0-2); prototype only, not for final claims",no
data/processed/ppo_checkpoints/ppo_irrigation_800000_steps.zip,data/processed/invalidated/legacy_v1/ppo_checkpoints/ppo_irrigation_800000_steps.zip,16fee4156315461897de1ef42d378819fc72b582af93e75b8113a3a526e86a1c,src/rl/train_ppo.py,"single-season prototype: each crop simulated in isolation starting near field capacity, no rotation chain / annual quota / fallow bridge; invalidated by the system upgrade (docs/系统升级方案.md) and audit-v2 fixes (P0-1/P0-2); prototype only, not for final claims",no
data/processed/ppo_checkpoints/ppo_irrigation_850000_steps.zip,data/processed/invalidated/legacy_v1/ppo_checkpoints/ppo_irrigation_850000_steps.zip,aa7972533658839edca987523818b2d8ea2ae464f898636b1274427c031a3a39,src/rl/train_ppo.py,"single-season prototype: each crop simulated in isolation starting near field capacity, no rotation chain / annual quota / fallow bridge; invalidated by the system upgrade (docs/系统升级方案.md) and audit-v2 fixes (P0-1/P0-2); prototype only, not for final claims",no
data/processed/ppo_checkpoints/ppo_irrigation_900000_steps.zip,data/processed/invalidated/legacy_v1/ppo_checkpoints/ppo_irrigation_900000_steps.zip,5af390ce81057e9525904fc8647c07fe0947c6904f30f8cd8580e72b732a9576,src/rl/train_ppo.py,"single-season prototype: each crop simulated in isolation starting near field capacity, no rotation chain / annual quota / fallow bridge; invalidated by the system upgrade (docs/系统升级方案.md) and audit-v2 fixes (P0-1/P0-2); prototype only, not for final claims",no
data/processed/ppo_checkpoints/ppo_irrigation_950000_steps.zip,data/processed/invalidated/legacy_v1/ppo_checkpoints/ppo_irrigation_950000_steps.zip,1047309a602b0c48c1b9a2d367467a7456ac6bd185ec8e6bef2b84c1924a2366,src/rl/train_ppo.py,"single-season prototype: each crop simulated in isolation starting near field capacity, no rotation chain / annual quota / fallow bridge; invalidated by the system upgrade (docs/系统升级方案.md) and audit-v2 fixes (P0-1/P0-2); prototype only, not for final claims",no
data/processed/ppo_checkpoints/ppo_irrigation_v2_1000000_steps.zip,data/processed/invalidated/legacy_v1/ppo_checkpoints/ppo_irrigation_v2_1000000_steps.zip,f62bfe304da3a3ba1f1ecc0bd0060a61b193da41225fe35fb924661ebec839c0,src/rl/train_ppo.py,"single-season prototype: each crop simulated in isolation starting near field capacity, no rotation chain / annual quota / fallow bridge; invalidated by the system upgrade (docs/系统升级方案.md) and audit-v2 fixes (P0-1/P0-2); prototype only, not for final claims",no
data/processed/ppo_checkpoints/ppo_irrigation_v2_100000_steps.zip,data/processed/invalidated/legacy_v1/ppo_checkpoints/ppo_irrigation_v2_100000_steps.zip,0b664a4c132c73fc9364045b0f786ff1bb8469c14e358a3140b07c4009f42517,src/rl/train_ppo.py,"single-season prototype: each crop simulated in isolation starting near field capacity, no rotation chain / annual quota / fallow bridge; invalidated by the system upgrade (docs/系统升级方案.md) and audit-v2 fixes (P0-1/P0-2); prototype only, not for final claims",no
data/processed/ppo_checkpoints/ppo_irrigation_v2_150000_steps.zip,data/processed/invalidated/legacy_v1/ppo_checkpoints/ppo_irrigation_v2_150000_steps.zip,a4314d4641e8072d3c9e7377e20a7e22d2d7a3221d1124527ae23a52f3986b96,src/rl/train_ppo.py,"single-season prototype: each crop simulated in isolation starting near field capacity, no rotation chain / annual quota / fallow bridge; invalidated by the system upgrade (docs/系统升级方案.md) and audit-v2 fixes (P0-1/P0-2); prototype only, not for final claims",no
data/processed/ppo_checkpoints/ppo_irrigation_v2_200000_steps.zip,data/processed/invalidated/legacy_v1/ppo_checkpoints/ppo_irrigation_v2_200000_steps.zip,951d9b1ead91195bc0288ae1c274ef5d1b4bc0e29725d08a5859183878726c13,src/rl/train_ppo.py,"single-season prototype: each crop simulated in isolation starting near field capacity, no rotation chain / annual quota / fallow bridge; invalidated by the system upgrade (docs/系统升级方案.md) and audit-v2 fixes (P0-1/P0-2); prototype only, not for final claims",no
data/processed/ppo_checkpoints/ppo_irrigation_v2_250000_steps.zip,data/processed/invalidated/legacy_v1/ppo_checkpoints/ppo_irrigation_v2_250000_steps.zip,a2fd8defbb8031e9681514e564349b6f8f07873d2e7c155ebd43a2815380c691,src/rl/train_ppo.py,"single-season prototype: each crop simulated in isolation starting near field capacity, no rotation chain / annual quota / fallow bridge; invalidated by the system upgrade (docs/系统升级方案.md) and audit-v2 fixes (P0-1/P0-2); prototype only, not for final claims",no
data/processed/ppo_checkpoints/ppo_irrigation_v2_300000_steps.zip,data/processed/invalidated/legacy_v1/ppo_checkpoints/ppo_irrigation_v2_300000_steps.zip,156ec8d31eed4e4142b8ba75f6ff5f27dfedec4b862579ce1f48dc73f2ddfaaf,src/rl/train_ppo.py,"single-season prototype: each crop simulated in isolation starting near field capacity, no rotation chain / annual quota / fallow bridge; invalidated by the system upgrade (docs/系统升级方案.md) and audit-v2 fixes (P0-1/P0-2); prototype only, not for final claims",no
data/processed/ppo_checkpoints/ppo_irrigation_v2_350000_steps.zip,data/processed/invalidated/legacy_v1/ppo_checkpoints/ppo_irrigation_v2_350000_steps.zip,aa070c4cfc8f9477bd8ca2b7e0e8d305d6e86cb014ccc28770e6d0d973891a60,src/rl/train_ppo.py,"single-season prototype: each crop simulated in isolation starting near field capacity, no rotation chain / annual quota / fallow bridge; invalidated by the system upgrade (docs/系统升级方案.md) and audit-v2 fixes (P0-1/P0-2); prototype only, not for final claims",no
data/processed/ppo_checkpoints/ppo_irrigation_v2_400000_steps.zip,data/processed/invalidated/legacy_v1/ppo_checkpoints/ppo_irrigation_v2_400000_steps.zip,05eb37b08907dd6de6aef18c8c0854aa3ee79f0f8350bfca82c2b790e2ee8d00,src/rl/train_ppo.py,"single-season prototype: each crop simulated in isolation starting near field capacity, no rotation chain / annual quota / fallow bridge; invalidated by the system upgrade (docs/系统升级方案.md) and audit-v2 fixes (P0-1/P0-2); prototype only, not for final claims",no
data/processed/ppo_checkpoints/ppo_irrigation_v2_450000_steps.zip,data/processed/invalidated/legacy_v1/ppo_checkpoints/ppo_irrigation_v2_450000_steps.zip,fa813786d23428e877e8e1538cc140aa605e24b2d12fa2f11dd834b0bbe5ec57,src/rl/train_ppo.py,"single-season prototype: each crop simulated in isolation starting near field capacity, no rotation chain / annual quota / fallow bridge; invalidated by the system upgrade (docs/系统升级方案.md) and audit-v2 fixes (P0-1/P0-2); prototype only, not for final claims",no
data/processed/ppo_checkpoints/ppo_irrigation_v2_500000_steps.zip,data/processed/invalidated/legacy_v1/ppo_checkpoints/ppo_irrigation_v2_500000_steps.zip,d831987471e168f62a637ac3e0f91f4a05717b0ecff16da3d852ef4c7fd881ff,src/rl/train_ppo.py,"single-season prototype: each crop simulated in isolation starting near field capacity, no rotation chain / annual quota / fallow bridge; invalidated by the system upgrade (docs/系统升级方案.md) and audit-v2 fixes (P0-1/P0-2); prototype only, not for final claims",no
data/processed/ppo_checkpoints/ppo_irrigation_v2_50000_steps.zip,data/processed/invalidated/legacy_v1/ppo_checkpoints/ppo_irrigation_v2_50000_steps.zip,eb5ed639fe0ec6d096dfb807e28b9333254c2b000aa42c54efe2516bb8f11151,src/rl/train_ppo.py,"single-season prototype: each crop simulated in isolation starting near field capacity, no rotation chain / annual quota / fallow bridge; invalidated by the system upgrade (docs/系统升级方案.md) and audit-v2 fixes (P0-1/P0-2); prototype only, not for final claims",no
data/processed/ppo_checkpoints/ppo_irrigation_v2_550000_steps.zip,data/processed/invalidated/legacy_v1/ppo_checkpoints/ppo_irrigation_v2_550000_steps.zip,b55053519dad0a8d4902c2213c9a70f7c32d2b4dc9ff440233af9a6680af3aef,src/rl/train_ppo.py,"single-season prototype: each crop simulated in isolation starting near field capacity, no rotation chain / annual quota / fallow bridge; invalidated by the system upgrade (docs/系统升级方案.md) and audit-v2 fixes (P0-1/P0-2); prototype only, not for final claims",no
data/processed/ppo_checkpoints/ppo_irrigation_v2_600000_steps.zip,data/processed/invalidated/legacy_v1/ppo_checkpoints/ppo_irrigation_v2_600000_steps.zip,07031ee42491820cf498587d075a6435401b8500bfe31158a5612908820bbf31,src/rl/train_ppo.py,"single-season prototype: each crop simulated in isolation starting near field capacity, no rotation chain / annual quota / fallow bridge; invalidated by the system upgrade (docs/系统升级方案.md) and audit-v2 fixes (P0-1/P0-2); prototype only, not for final claims",no
data/processed/ppo_checkpoints/ppo_irrigation_v2_650000_steps.zip,data/processed/invalidated/legacy_v1/ppo_checkpoints/ppo_irrigation_v2_650000_steps.zip,d68f5dfbfd73fea29ee69b71b2ddbe6b9e439450d6630ac3a2a87aa77acb53ca,src/rl/train_ppo.py,"single-season prototype: each crop simulated in isolation starting near field capacity, no rotation chain / annual quota / fallow bridge; invalidated by the system upgrade (docs/系统升级方案.md) and audit-v2 fixes (P0-1/P0-2); prototype only, not for final claims",no
data/processed/ppo_checkpoints/ppo_irrigation_v2_700000_steps.zip,data/processed/invalidated/legacy_v1/ppo_checkpoints/ppo_irrigation_v2_700000_steps.zip,a5179d400f25f97e2eec2b0197dbccfa17e65d59ec3d831d178676acbe0b4a9f,src/rl/train_ppo.py,"single-season prototype: each crop simulated in isolation starting near field capacity, no rotation chain / annual quota / fallow bridge; invalidated by the system upgrade (docs/系统升级方案.md) and audit-v2 fixes (P0-1/P0-2); prototype only, not for final claims",no
data/processed/ppo_checkpoints/ppo_irrigation_v2_750000_steps.zip,data/processed/invalidated/legacy_v1/ppo_checkpoints/ppo_irrigation_v2_750000_steps.zip,4b9306fc9202b19bb97febb71b656102c499279db2805f5bcaba69e2894c7b8e,src/rl/train_ppo.py,"single-season prototype: each crop simulated in isolation starting near field capacity, no rotation chain / annual quota / fallow bridge; invalidated by the system upgrade (docs/系统升级方案.md) and audit-v2 fixes (P0-1/P0-2); prototype only, not for final claims",no
data/processed/ppo_checkpoints/ppo_irrigation_v2_800000_steps.zip,data/processed/invalidated/legacy_v1/ppo_checkpoints/ppo_irrigation_v2_800000_steps.zip,b4d32d4d3fca46c631fdf3ef1a0313cbc8aa93fc9627481c138c24524fe623de,src/rl/train_ppo.py,"single-season prototype: each crop simulated in isolation starting near field capacity, no rotation chain / annual quota / fallow bridge; invalidated by the system upgrade (docs/系统升级方案.md) and audit-v2 fixes (P0-1/P0-2); prototype only, not for final claims",no
data/processed/ppo_checkpoints/ppo_irrigation_v2_850000_steps.zip,data/processed/invalidated/legacy_v1/ppo_checkpoints/ppo_irrigation_v2_850000_steps.zip,38cc82361fa9b7bbb5b28ba9d8d4cf9adf2ec2d9ff6f458584856f81f0f11114,src/rl/train_ppo.py,"single-season prototype: each crop simulated in isolation starting near field capacity, no rotation chain / annual quota / fallow bridge; invalidated by the system upgrade (docs/系统升级方案.md) and audit-v2 fixes (P0-1/P0-2); prototype only, not for final claims",no
data/processed/ppo_checkpoints/ppo_irrigation_v2_900000_steps.zip,data/processed/invalidated/legacy_v1/ppo_checkpoints/ppo_irrigation_v2_900000_steps.zip,6dd3c0e553cced65336a999b974b0458799d28fedaa7786954774c9b4ec5de85,src/rl/train_ppo.py,"single-season prototype: each crop simulated in isolation starting near field capacity, no rotation chain / annual quota / fallow bridge; invalidated by the system upgrade (docs/系统升级方案.md) and audit-v2 fixes (P0-1/P0-2); prototype only, not for final claims",no
data/processed/ppo_checkpoints/ppo_irrigation_v2_950000_steps.zip,data/processed/invalidated/legacy_v1/ppo_checkpoints/ppo_irrigation_v2_950000_steps.zip,3ccaa44641c9832b5c405135208ed4bea2d798dc175a0e53ba1952f2f454a898,src/rl/train_ppo.py,"single-season prototype: each crop simulated in isolation starting near field capacity, no rotation chain / annual quota / fallow bridge; invalidated by the system upgrade (docs/系统升级方案.md) and audit-v2 fixes (P0-1/P0-2); prototype only, not for final claims",no
data/processed/ppo_checkpoints/ppo_irrigation_v2_vecnormalize_1000000_steps.pkl,data/processed/invalidated/legacy_v1/ppo_checkpoints/ppo_irrigation_v2_vecnormalize_1000000_steps.pkl,be74f444e2d971505c374b6a4287f2965655467a3c4912690da9639d16fe9378,src/rl/train_ppo.py,"single-season prototype: each crop simulated in isolation starting near field capacity, no rotation chain / annual quota / fallow bridge; invalidated by the system upgrade (docs/系统升级方案.md) and audit-v2 fixes (P0-1/P0-2); prototype only, not for final claims",no
data/processed/ppo_checkpoints/ppo_irrigation_v2_vecnormalize_100000_steps.pkl,data/processed/invalidated/legacy_v1/ppo_checkpoints/ppo_irrigation_v2_vecnormalize_100000_steps.pkl,aaa9e239bbba41da85147c41d2743c81746e76d18bf9b6877af4050839b7e551,src/rl/train_ppo.py,"single-season prototype: each crop simulated in isolation starting near field capacity, no rotation chain / annual quota / fallow bridge; invalidated by the system upgrade (docs/系统升级方案.md) and audit-v2 fixes (P0-1/P0-2); prototype only, not for final claims",no
data/processed/ppo_checkpoints/ppo_irrigation_v2_vecnormalize_150000_steps.pkl,data/processed/invalidated/legacy_v1/ppo_checkpoints/ppo_irrigation_v2_vecnormalize_150000_steps.pkl,9a9c7ba7498f693bd3ce7e39629ccc7820d7a2dc5f016f1f8e1f9ea2af39e62f,src/rl/train_ppo.py,"single-season prototype: each crop simulated in isolation starting near field capacity, no rotation chain / annual quota / fallow bridge; invalidated by the system upgrade (docs/系统升级方案.md) and audit-v2 fixes (P0-1/P0-2); prototype only, not for final claims",no
data/processed/ppo_checkpoints/ppo_irrigation_v2_vecnormalize_200000_steps.pkl,data/processed/invalidated/legacy_v1/ppo_checkpoints/ppo_irrigation_v2_vecnormalize_200000_steps.pkl,c71b7a35f5a5a6c231c6508f94a3f5c64e073a8b4ced8a2b4d7e7e6fd9f5fa32,src/rl/train_ppo.py,"single-season prototype: each crop simulated in isolation starting near field capacity, no rotation chain / annual quota / fallow bridge; invalidated by the system upgrade (docs/系统升级方案.md) and audit-v2 fixes (P0-1/P0-2); prototype only, not for final claims",no
data/processed/ppo_checkpoints/ppo_irrigation_v2_vecnormalize_250000_steps.pkl,data/processed/invalidated/legacy_v1/ppo_checkpoints/ppo_irrigation_v2_vecnormalize_250000_steps.pkl,02ec1f1ed4a107c945595712821a7b028e1239b2eb3db94a36afbb15fb57ad70,src/rl/train_ppo.py,"single-season prototype: each crop simulated in isolation starting near field capacity, no rotation chain / annual quota / fallow bridge; invalidated by the system upgrade (docs/系统升级方案.md) and audit-v2 fixes (P0-1/P0-2); prototype only, not for final claims",no
data/processed/ppo_checkpoints/ppo_irrigation_v2_vecnormalize_300000_steps.pkl,data/processed/invalidated/legacy_v1/ppo_checkpoints/ppo_irrigation_v2_vecnormalize_300000_steps.pkl,97ffb762a9133ac052b1a6acfef75de47dbee1c87921582eaadca4cc79e545f4,src/rl/train_ppo.py,"single-season prototype: each crop simulated in isolation starting near field capacity, no rotation chain / annual quota / fallow bridge; invalidated by the system upgrade (docs/系统升级方案.md) and audit-v2 fixes (P0-1/P0-2); prototype only, not for final claims",no
data/processed/ppo_checkpoints/ppo_irrigation_v2_vecnormalize_350000_steps.pkl,data/processed/invalidated/legacy_v1/ppo_checkpoints/ppo_irrigation_v2_vecnormalize_350000_steps.pkl,04729dc113466fa8f556c7d72c9d44b4ee650069c013478f1872fbf7dbfeb0d9,src/rl/train_ppo.py,"single-season prototype: each crop simulated in isolation starting near field capacity, no rotation chain / annual quota / fallow bridge; invalidated by the system upgrade (docs/系统升级方案.md) and audit-v2 fixes (P0-1/P0-2); prototype only, not for final claims",no
data/processed/ppo_checkpoints/ppo_irrigation_v2_vecnormalize_400000_steps.pkl,data/processed/invalidated/legacy_v1/ppo_checkpoints/ppo_irrigation_v2_vecnormalize_400000_steps.pkl,16d32d2a1edcb946ab8a7e7dc90968a5b3c05c59b7f5a25a42ef19af50318a76,src/rl/train_ppo.py,"single-season prototype: each crop simulated in isolation starting near field capacity, no rotation chain / annual quota / fallow bridge; invalidated by the system upgrade (docs/系统升级方案.md) and audit-v2 fixes (P0-1/P0-2); prototype only, not for final claims",no
data/processed/ppo_checkpoints/ppo_irrigation_v2_vecnormalize_450000_steps.pkl,data/processed/invalidated/legacy_v1/ppo_checkpoints/ppo_irrigation_v2_vecnormalize_450000_steps.pkl,79a78149712a041f3a53ee185478bac66462268ce0a3cfbc444373ed76a0d0f7,src/rl/train_ppo.py,"single-season prototype: each crop simulated in isolation starting near field capacity, no rotation chain / annual quota / fallow bridge; invalidated by the system upgrade (docs/系统升级方案.md) and audit-v2 fixes (P0-1/P0-2); prototype only, not for final claims",no
data/processed/ppo_checkpoints/ppo_irrigation_v2_vecnormalize_500000_steps.pkl,data/processed/invalidated/legacy_v1/ppo_checkpoints/ppo_irrigation_v2_vecnormalize_500000_steps.pkl,b3f0ef47f37b6e538133fda8e8b98d3c2814ba539a648867b19e9b84e6c8be15,src/rl/train_ppo.py,"single-season prototype: each crop simulated in isolation starting near field capacity, no rotation chain / annual quota / fallow bridge; invalidated by the system upgrade (docs/系统升级方案.md) and audit-v2 fixes (P0-1/P0-2); prototype only, not for final claims",no
data/processed/ppo_checkpoints/ppo_irrigation_v2_vecnormalize_50000_steps.pkl,data/processed/invalidated/legacy_v1/ppo_checkpoints/ppo_irrigation_v2_vecnormalize_50000_steps.pkl,3f4edd237fe634d1005b3986b25c85e584628c9e6c2555f9d1d920bf2fc4b59d,src/rl/train_ppo.py,"single-season prototype: each crop simulated in isolation starting near field capacity, no rotation chain / annual quota / fallow bridge; invalidated by the system upgrade (docs/系统升级方案.md) and audit-v2 fixes (P0-1/P0-2); prototype only, not for final claims",no
data/processed/ppo_checkpoints/ppo_irrigation_v2_vecnormalize_550000_steps.pkl,data/processed/invalidated/legacy_v1/ppo_checkpoints/ppo_irrigation_v2_vecnormalize_550000_steps.pkl,68b4ab7a068055891f18bb998027f7f0c20423b88b9e198ce64cd505ed153a9e,src/rl/train_ppo.py,"single-season prototype: each crop simulated in isolation starting near field capacity, no rotation chain / annual quota / fallow bridge; invalidated by the system upgrade (docs/系统升级方案.md) and audit-v2 fixes (P0-1/P0-2); prototype only, not for final claims",no
data/processed/ppo_checkpoints/ppo_irrigation_v2_vecnormalize_600000_steps.pkl,data/processed/invalidated/legacy_v1/ppo_checkpoints/ppo_irrigation_v2_vecnormalize_600000_steps.pkl,5ff06312507875bb3ceb634868ffd18fd4876cf23b2d704bed0c91bcf6876d9f,src/rl/train_ppo.py,"single-season prototype: each crop simulated in isolation starting near field capacity, no rotation chain / annual quota / fallow bridge; invalidated by the system upgrade (docs/系统升级方案.md) and audit-v2 fixes (P0-1/P0-2); prototype only, not for final claims",no
data/processed/ppo_checkpoints/ppo_irrigation_v2_vecnormalize_650000_steps.pkl,data/processed/invalidated/legacy_v1/ppo_checkpoints/ppo_irrigation_v2_vecnormalize_650000_steps.pkl,2df4197f48b8b723c3dcf3749461319327cbab943e39c292807aae77d6557e0d,src/rl/train_ppo.py,"single-season prototype: each crop simulated in isolation starting near field capacity, no rotation chain / annual quota / fallow bridge; invalidated by the system upgrade (docs/系统升级方案.md) and audit-v2 fixes (P0-1/P0-2); prototype only, not for final claims",no
data/processed/ppo_checkpoints/ppo_irrigation_v2_vecnormalize_700000_steps.pkl,data/processed/invalidated/legacy_v1/ppo_checkpoints/ppo_irrigation_v2_vecnormalize_700000_steps.pkl,82a0844589fe3f507412483769a794b3e5a1c16a7e9fa83662c2809f79418f44,src/rl/train_ppo.py,"single-season prototype: each crop simulated in isolation starting near field capacity, no rotation chain / annual quota / fallow bridge; invalidated by the system upgrade (docs/系统升级方案.md) and audit-v2 fixes (P0-1/P0-2); prototype only, not for final claims",no
data/processed/ppo_checkpoints/ppo_irrigation_v2_vecnormalize_750000_steps.pkl,data/processed/invalidated/legacy_v1/ppo_checkpoints/ppo_irrigation_v2_vecnormalize_750000_steps.pkl,96f07c06efb1d34c52b860099ceebeda8b5739789c87a813cb503144e63de7cb,src/rl/train_ppo.py,"single-season prototype: each crop simulated in isolation starting near field capacity, no rotation chain / annual quota / fallow bridge; invalidated by the system upgrade (docs/系统升级方案.md) and audit-v2 fixes (P0-1/P0-2); prototype only, not for final claims",no
data/processed/ppo_checkpoints/ppo_irrigation_v2_vecnormalize_800000_steps.pkl,data/processed/invalidated/legacy_v1/ppo_checkpoints/ppo_irrigation_v2_vecnormalize_800000_steps.pkl,e401cb2965a23ca8d401c449875b8b97bd2c638da4d7f65e0ca0592fb63b0a6d,src/rl/train_ppo.py,"single-season prototype: each crop simulated in isolation starting near field capacity, no rotation chain / annual quota / fallow bridge; invalidated by the system upgrade (docs/系统升级方案.md) and audit-v2 fixes (P0-1/P0-2); prototype only, not for final claims",no
data/processed/ppo_checkpoints/ppo_irrigation_v2_vecnormalize_850000_steps.pkl,data/processed/invalidated/legacy_v1/ppo_checkpoints/ppo_irrigation_v2_vecnormalize_850000_steps.pkl,c185ca6eb1dea41b05586ae28dba24459dae69932cf8a2e507f7b774ac0acf48,src/rl/train_ppo.py,"single-season prototype: each crop simulated in isolation starting near field capacity, no rotation chain / annual quota / fallow bridge; invalidated by the system upgrade (docs/系统升级方案.md) and audit-v2 fixes (P0-1/P0-2); prototype only, not for final claims",no
data/processed/ppo_checkpoints/ppo_irrigation_v2_vecnormalize_900000_steps.pkl,data/processed/invalidated/legacy_v1/ppo_checkpoints/ppo_irrigation_v2_vecnormalize_900000_steps.pkl,8b69ffb59f95ae8cbb032032b751ca2a8f180bb75ab6824513f8c89735bde64e,src/rl/train_ppo.py,"single-season prototype: each crop simulated in isolation starting near field capacity, no rotation chain / annual quota / fallow bridge; invalidated by the system upgrade (docs/系统升级方案.md) and audit-v2 fixes (P0-1/P0-2); prototype only, not for final claims",no
data/processed/ppo_checkpoints/ppo_irrigation_v2_vecnormalize_950000_steps.pkl,data/processed/invalidated/legacy_v1/ppo_checkpoints/ppo_irrigation_v2_vecnormalize_950000_steps.pkl,0f0ad53949f80904b33317b04403f56d1a714efe3758908110af169f00cd293b,src/rl/train_ppo.py,"single-season prototype: each crop simulated in isolation starting near field capacity, no rotation chain / annual quota / fallow bridge; invalidated by the system upgrade (docs/系统升级方案.md) and audit-v2 fixes (P0-1/P0-2); prototype only, not for final claims",no
figures/fig1_baseline_overview.png,figures/invalidated/legacy_v1/fig1_baseline_overview.png,f01788fcfdda4ac6442362929c1df862d6ffe4952507dc056ff7989d3d4acb7c,src/viz/fig_baseline_overview.py,"single-season prototype: each crop simulated in isolation starting near field capacity, no rotation chain / annual quota / fallow bridge; invalidated by the system upgrade (docs/系统升级方案.md) and audit-v2 fixes (P0-1/P0-2); prototype only, not for final claims",no
figures/fig2_pareto_fronts.png,figures/invalidated/legacy_v1/fig2_pareto_fronts.png,142e5faf149d772da9eabd7fb924890b7dfe964e06242790b2017b549ae5bfd5,src/viz/fig_pareto_fronts.py,"single-season prototype: each crop simulated in isolation starting near field capacity, no rotation chain / annual quota / fallow bridge; invalidated by the system upgrade (docs/系统升级方案.md) and audit-v2 fixes (P0-1/P0-2); prototype only, not for final claims",no
figures/fig3_environmental_fingerprint.png,figures/invalidated/legacy_v1/fig3_environmental_fingerprint.png,26be50ce7dbf296350abbf61a264f0a010a8b0612f712cefeb56774e24c7d5f9,src/viz/fig_environmental_fingerprint.py,"single-season prototype: each crop simulated in isolation starting near field capacity, no rotation chain / annual quota / fallow bridge; invalidated by the system upgrade (docs/系统升级方案.md) and audit-v2 fixes (P0-1/P0-2); prototype only, not for final claims",no
figures/fig4_rl_training_curve.png,figures/invalidated/legacy_v1/fig4_rl_training_curve.png,15686897c7ba2afd9dbeb80fb659ec1130d2daac426f455df1cc40e04679592f,src/viz/fig_rl_training_curve.py,"single-season prototype: each crop simulated in isolation starting near field capacity, no rotation chain / annual quota / fallow bridge; invalidated by the system upgrade (docs/系统升级方案.md) and audit-v2 fixes (P0-1/P0-2); prototype only, not for final claims",no
figures/fig5_rl_vs_baselines.png,figures/invalidated/legacy_v1/fig5_rl_vs_baselines.png,677d9155e3f0d5842a9875ca49ab8c9531eaa0c105c0cc6400a39c2089480790,src/viz/fig_rl_vs_baselines.py,"single-season prototype: each crop simulated in isolation starting near field capacity, no rotation chain / annual quota / fallow bridge; invalidated by the system upgrade (docs/系统升级方案.md) and audit-v2 fixes (P0-1/P0-2); prototype only, not for final claims",no
figures/fig6_transfer_leave_one_out.png,figures/invalidated/legacy_v1/fig6_transfer_leave_one_out.png,47e82977cbb26ba7e1753c79a072c39904764eac65074f0b19c8d3fe9d7d1dba,src/viz/fig_transfer_leave_one_out.py,"single-season prototype: each crop simulated in isolation starting near field capacity, no rotation chain / annual quota / fallow bridge; invalidated by the system upgrade (docs/系统升级方案.md) and audit-v2 fixes (P0-1/P0-2); prototype only, not for final claims",no
